SampleID,Person,DigDate,ProcessingDate,Variety,FieldName,Size,MidSize,TuberWeight,CubeRoot
1,Robert Allen,12/07/2018,13/07/2018,Soraya,Yr 1 variety trial Field,15-20,17.5,2.2,1.300591447
2,Robert Allen,12/07/2018,13/07/2018,Soraya,Yr 1 variety trial Field,15-20,17.5,2.2,1.300591447
1,Robert Allen,12/07/2018,13/07/2018,Soraya,Yr 1 variety trial Field,15-20,17.5,2.6,1.375068867
1,Robert Allen,12/07/2018,13/07/2018,Soraya,Yr 1 variety trial Field,15-20,17.5,2.6,1.375068867
2,Robert Allen,12/07/2018,13/07/2018,Soraya,Yr 1 variety trial Field,15-20,17.5,3,1.44224957
3,Robert Allen,12/07/2018,13/07/2018,Venezia,TurnPike,15-20,17.5,3,1.44224957
2,Robert Allen,12/07/2018,13/07/2018,Soraya,Yr 1 variety trial Field,15-20,17.5,3.1,1.458099736
3,Robert Allen,12/07/2018,13/07/2018,Venezia,TurnPike,15-20,17.5,3.3,1.488805553
3,Robert Allen,12/07/2018,13/07/2018,Venezia,TurnPike,15-20,17.5,3.4,1.503694596
3,Robert Allen,12/07/2018,13/07/2018,Venezia,TurnPike,15-20,17.5,3.4,1.503694596
2,Robert Allen,12/07/2018,13/07/2018,Soraya,Yr 1 variety trial Field,15-20,17.5,3.7,1.546680374
3,Robert Allen,12/07/2018,13/07/2018,Venezia,TurnPike,15-20,17.5,3.9,1.574060917
3,Robert Allen,12/07/2018,13/07/2018,Venezia,TurnPike,15-20,17.5,4.1,1.600520664
3,Robert Allen,12/07/2018,13/07/2018,Venezia,TurnPike,15-20,17.5,4.2,1.613428646
3,Robert Allen,12/07/2018,13/07/2018,Venezia,TurnPike,15-20,17.5,4.2,1.613428646
3,Robert Allen,12/07/2018,13/07/2018,Venezia,TurnPike,15-20,17.5,4.2,1.613428646
3,Robert Allen,12/07/2018,13/07/2018,Venezia,TurnPike,15-20,17.5,4.3,1.626133332
3,Robert Allen,12/07/2018,13/07/2018,Venezia,TurnPike,15-20,17.5,4.3,1.626133332
1,Robert Allen,12/07/2018,13/07/2018,Soraya,Yr 1 variety trial Field,15-20,17.5,4.4,1.638642541
3,Robert Allen,12/07/2018,13/07/2018,Venezia,TurnPike,15-20,17.5,4.4,1.638642541
2,Robert Allen,12/07/2018,13/07/2018,Soraya,Yr 1 variety trial Field,15-20,17.5,4.5,1.650963624
3,Robert Allen,12/07/2018,13/07/2018,Venezia,TurnPike,15-20,17.5,4.5,1.650963624
3,Robert Allen,12/07/2018,13/07/2018,Venezia,TurnPike,15-20,17.5,4.8,1.686865331
3,Robert Allen,12/07/2018,13/07/2018,Venezia,TurnPike,15-20,17.5,5,1.709975947
3,Robert Allen,12/07/2018,13/07/2018,Venezia,TurnPike,15-20,17.5,5.2,1.732478211
3,Robert Allen,12/07/2018,13/07/2018,Venezia,TurnPike,15-20,17.5,5.2,1.732478211
3,Robert Allen,12/07/2018,13/07/2018,Venezia,TurnPike,15-20,17.5,5.3,1.743513401
3,Robert Allen,12/07/2018,13/07/2018,Venezia,TurnPike,15-20,17.5,5.4,1.754410643
3,Robert Allen,12/07/2018,13/07/2018,Venezia,TurnPike,15-20,17.5,5.5,1.765174168
3,Robert Allen,12/07/2018,13/07/2018,Venezia,TurnPike,15-20,17.5,5.5,1.765174168
2,Robert Allen,12/07/2018,13/07/2018,Soraya,Yr 1 variety trial Field,15-20,17.5,5.7,1.786315988
3,Robert Allen,12/07/2018,13/07/2018,Venezia,TurnPike,15-20,17.5,5.8,1.796701779
3,Robert Allen,12/07/2018,13/07/2018,Venezia,TurnPike,15-20,17.5,5.9,1.806968869
3,Robert Allen,12/07/2018,13/07/2018,Venezia,TurnPike,15-20,17.5,6.1,1.827160137
3,Robert Allen,12/07/2018,13/07/2018,Venezia,TurnPike,15-20,17.5,6.2,1.83709055
2,Robert Allen,12/07/2018,13/07/2018,Soraya,Yr 1 variety trial Field,15-20,17.5,6.8,1.894536474
3,Robert Allen,12/07/2018,13/07/2018,Venezia,TurnPike,15-20,17.5,6.9,1.903778262
3,Robert Allen,12/07/2018,13/07/2018,Venezia,TurnPike,15-20,17.5,7,1.912931183
3,Robert Allen,12/07/2018,13/07/2018,Venezia,TurnPike,15-20,17.5,7.5,1.957433821
1,Robert Allen,12/07/2018,13/07/2018,Soraya,Yr 1 variety trial Field,20-25,22.5,6.2,1.83709055
3,Robert Allen,12/07/2018,13/07/2018,Venezia,TurnPike,20-25,22.5,6.5,1.866255578
3,Robert Allen,12/07/2018,13/07/2018,Venezia,TurnPike,20-25,22.5,6.6,1.875777455
3,Robert Allen,12/07/2018,13/07/2018,Venezia,TurnPike,20-25,22.5,6.7,1.885203631
3,Robert Allen,12/07/2018,13/07/2018,Venezia,TurnPike,20-25,22.5,6.8,1.894536474
3,Robert Allen,12/07/2018,13/07/2018,Venezia,TurnPike,20-25,22.5,6.8,1.894536474
3,Robert Allen,12/07/2018,13/07/2018,Venezia,TurnPike,20-25,22.5,6.8,1.894536474
3,Robert Allen,12/07/2018,13/07/2018,Venezia,TurnPike,20-25,22.5,6.9,1.903778262
3,Robert Allen,12/07/2018,13/07/2018,Venezia,TurnPike,20-25,22.5,7.2,1.930978769
3,Robert Allen,12/07/2018,13/07/2018,Venezia,TurnPike,20-25,22.5,7.3,1.939877415
3,Robert Allen,12/07/2018,13/07/2018,Venezia,TurnPike,20-25,22.5,7.3,1.939877415
3,Robert Allen,12/07/2018,13/07/2018,Venezia,TurnPike,20-25,22.5,7.4,1.94869516
2,Robert Allen,12/07/2018,13/07/2018,Soraya,Yr 1 variety trial Field,20-25,22.5,7.7,1.974680822
3,Robert Allen,12/07/2018,13/07/2018,Venezia,TurnPike,20-25,22.5,7.8,1.983192483
3,Robert Allen,12/07/2018,13/07/2018,Venezia,TurnPike,20-25,22.5,7.9,1.991631701
3,Robert Allen,12/07/2018,13/07/2018,Venezia,TurnPike,20-25,22.5,8.2,2.016529675
3,Robert Allen,12/07/2018,13/07/2018,Venezia,TurnPike,20-25,22.5,8.2,2.016529675
3,Robert Allen,12/07/2018,13/07/2018,Venezia,TurnPike,20-25,22.5,8.2,2.016529675
3,Robert Allen,12/07/2018,13/07/2018,Venezia,TurnPike,20-25,22.5,8.2,2.016529675
3,Robert Allen,12/07/2018,13/07/2018,Venezia,TurnPike,20-25,22.5,8.3,2.024693852
3,Robert Allen,12/07/2018,13/07/2018,Venezia,TurnPike,20-25,22.5,8.5,2.040827551
3,Robert Allen,12/07/2018,13/07/2018,Venezia,TurnPike,20-25,22.5,8.7,2.056710116
3,Robert Allen,12/07/2018,13/07/2018,Venezia,TurnPike,20-25,22.5,8.8,2.064560231
3,Robert Allen,12/07/2018,13/07/2018,Venezia,TurnPike,20-25,22.5,8.9,2.072351098
3,Robert Allen,12/07/2018,13/07/2018,Venezia,TurnPike,20-25,22.5,8.9,2.072351098
3,Robert Allen,12/07/2018,13/07/2018,Venezia,TurnPike,20-25,22.5,9,2.080083823
3,Robert Allen,12/07/2018,13/07/2018,Venezia,TurnPike,20-25,22.5,9,2.080083823
3,Robert Allen,12/07/2018,13/07/2018,Venezia,TurnPike,20-25,22.5,9.1,2.087759479
3,Robert Allen,12/07/2018,13/07/2018,Venezia,TurnPike,20-25,22.5,9.3,2.102943717
3,Robert Allen,12/07/2018,13/07/2018,Venezia,TurnPike,20-25,22.5,9.5,2.117911792
3,Robert Allen,12/07/2018,13/07/2018,Venezia,TurnPike,20-25,22.5,9.7,2.132671236
3,Robert Allen,12/07/2018,13/07/2018,Venezia,TurnPike,20-25,22.5,9.8,2.139974961
3,Robert Allen,12/07/2018,13/07/2018,Venezia,TurnPike,20-25,22.5,9.8,2.139974961
2,Robert Allen,12/07/2018,13/07/2018,Soraya,Yr 1 variety trial Field,20-25,22.5,10,2.15443469
3,Robert Allen,12/07/2018,13/07/2018,Venezia,TurnPike,20-25,22.5,10,2.15443469
3,Robert Allen,12/07/2018,13/07/2018,Venezia,TurnPike,20-25,22.5,10,2.15443469
3,Robert Allen,12/07/2018,13/07/2018,Venezia,TurnPike,20-25,22.5,10.2,2.168702885
3,Robert Allen,12/07/2018,13/07/2018,Venezia,TurnPike,20-25,22.5,10.3,2.175767114
3,Robert Allen,12/07/2018,13/07/2018,Venezia,TurnPike,20-25,22.5,10.3,2.175767114
3,Robert Allen,12/07/2018,13/07/2018,Venezia,TurnPike,20-25,22.5,10.3,2.175767114
3,Robert Allen,12/07/2018,13/07/2018,Venezia,TurnPike,20-25,22.5,10.4,2.182785766
3,Robert Allen,12/07/2018,13/07/2018,Venezia,TurnPike,20-25,22.5,10.4,2.182785766
3,Robert Allen,12/07/2018,13/07/2018,Venezia,TurnPike,20-25,22.5,10.6,2.196689235
3,Robert Allen,12/07/2018,13/07/2018,Venezia,TurnPike,20-25,22.5,10.6,2.196689235
3,Robert Allen,12/07/2018,13/07/2018,Venezia,TurnPike,20-25,22.5,10.7,2.203575453
3,Robert Allen,12/07/2018,13/07/2018,Venezia,TurnPike,20-25,22.5,11,2.223980091
3,Robert Allen,12/07/2018,13/07/2018,Venezia,TurnPike,20-25,22.5,11,2.223980091
3,Robert Allen,12/07/2018,13/07/2018,Venezia,TurnPike,20-25,22.5,11.2,2.237377884
3,Robert Allen,12/07/2018,13/07/2018,Venezia,TurnPike,20-25,22.5,11.3,2.244017027
3,Robert Allen,12/07/2018,13/07/2018,Venezia,TurnPike,20-25,22.5,11.4,2.250617115
3,Robert Allen,12/07/2018,13/07/2018,Venezia,TurnPike,20-25,22.5,11.5,2.257178718
3,Robert Allen,12/07/2018,13/07/2018,Venezia,TurnPike,20-25,22.5,11.5,2.257178718
3,Robert Allen,12/07/2018,13/07/2018,Venezia,TurnPike,20-25,22.5,12,2.289428485
3,Robert Allen,12/07/2018,13/07/2018,Venezia,TurnPike,20-25,22.5,12.4,2.314589055
3,Robert Allen,12/07/2018,13/07/2018,Venezia,TurnPike,20-25,22.5,12.8,2.339214191
3,Robert Allen,12/07/2018,13/07/2018,Venezia,TurnPike,20-25,22.5,12.8,2.339214191
3,Robert Allen,12/07/2018,13/07/2018,Venezia,TurnPike,20-25,22.5,13.4,2.375207738
3,Robert Allen,12/07/2018,13/07/2018,Venezia,TurnPike,20-25,22.5,13.7,2.392802511
3,Robert Allen,12/07/2018,13/07/2018,Venezia,TurnPike,20-25,22.5,13.8,2.398610307
3,Robert Allen,12/07/2018,13/07/2018,Venezia,TurnPike,20-25,22.5,14.3,2.427236043
3,Robert Allen,12/07/2018,13/07/2018,Venezia,TurnPike,20-25,22.5,14.7,2.449659817
3,Robert Allen,12/07/2018,13/07/2018,Venezia,TurnPike,20-25,22.5,15.6,2.498665955
3,Robert Allen,12/07/2018,13/07/2018,Venezia,TurnPike,25-30,27.5,10.1,2.161592333
3,Robert Allen,12/07/2018,13/07/2018,Venezia,TurnPike,25-30,27.5,10.8,2.210418899
3,Robert Allen,12/07/2018,13/07/2018,Venezia,TurnPike,25-30,27.5,11.3,2.244017027
3,Robert Allen,12/07/2018,13/07/2018,Venezia,TurnPike,25-30,27.5,12.3,2.30835024
3,Robert Allen,12/07/2018,13/07/2018,Venezia,TurnPike,25-30,27.5,13.4,2.375207738
3,Robert Allen,12/07/2018,13/07/2018,Venezia,TurnPike,25-30,27.5,13.5,2.381101578
3,Robert Allen,12/07/2018,13/07/2018,Venezia,TurnPike,25-30,27.5,13.6,2.386966384
3,Robert Allen,12/07/2018,13/07/2018,Venezia,TurnPike,25-30,27.5,13.6,2.386966384
3,Robert Allen,12/07/2018,13/07/2018,Venezia,TurnPike,25-30,27.5,13.7,2.392802511
3,Robert Allen,12/07/2018,13/07/2018,Venezia,TurnPike,25-30,27.5,13.7,2.392802511
3,Robert Allen,12/07/2018,13/07/2018,Venezia,TurnPike,25-30,27.5,13.9,2.404390113
2,Robert Allen,12/07/2018,13/07/2018,Soraya,Yr 1 variety trial Field,25-30,27.5,14.1,2.415867089
3,Robert Allen,12/07/2018,13/07/2018,Venezia,TurnPike,25-30,27.5,14.4,2.432880798
3,Robert Allen,12/07/2018,13/07/2018,Venezia,TurnPike,25-30,27.5,14.6,2.444092389
1,Robert Allen,12/07/2018,13/07/2018,Soraya,Yr 1 variety trial Field,25-30,27.5,14.8,2.455202052
3,Robert Allen,12/07/2018,13/07/2018,Venezia,TurnPike,25-30,27.5,14.9,2.460719379
3,Robert Allen,12/07/2018,13/07/2018,Venezia,TurnPike,25-30,27.5,15,2.466212074
3,Robert Allen,12/07/2018,13/07/2018,Venezia,TurnPike,25-30,27.5,15.2,2.477124659
3,Robert Allen,12/07/2018,13/07/2018,Venezia,TurnPike,25-30,27.5,15.5,2.493315476
3,Robert Allen,12/07/2018,13/07/2018,Venezia,TurnPike,25-30,27.5,15.5,2.493315476
3,Robert Allen,12/07/2018,13/07/2018,Venezia,TurnPike,25-30,27.5,15.8,2.509298704
3,Robert Allen,12/07/2018,13/07/2018,Venezia,TurnPike,25-30,27.5,16.3,2.535493694
3,Robert Allen,12/07/2018,13/07/2018,Venezia,TurnPike,25-30,27.5,16.5,2.545821685
3,Robert Allen,12/07/2018,13/07/2018,Venezia,TurnPike,25-30,27.5,16.7,2.55606655
3,Robert Allen,12/07/2018,13/07/2018,Venezia,TurnPike,25-30,27.5,16.7,2.55606655
3,Robert Allen,12/07/2018,13/07/2018,Venezia,TurnPike,25-30,27.5,16.8,2.56115833
3,Robert Allen,12/07/2018,13/07/2018,Venezia,TurnPike,25-30,27.5,16.9,2.566229944
3,Robert Allen,12/07/2018,13/07/2018,Venezia,TurnPike,25-30,27.5,17,2.571281591
3,Robert Allen,12/07/2018,13/07/2018,Venezia,TurnPike,25-30,27.5,17,2.571281591
3,Robert Allen,12/07/2018,13/07/2018,Venezia,TurnPike,25-30,27.5,17.3,2.586318667
3,Robert Allen,12/07/2018,13/07/2018,Venezia,TurnPike,25-30,27.5,17.4,2.591292369
3,Robert Allen,12/07/2018,13/07/2018,Venezia,TurnPike,25-30,27.5,17.5,2.596247051
3,Robert Allen,12/07/2018,13/07/2018,Venezia,TurnPike,25-30,27.5,17.6,2.601182894
3,Robert Allen,12/07/2018,13/07/2018,Venezia,TurnPike,25-30,27.5,17.8,2.610998771
3,Robert Allen,12/07/2018,13/07/2018,Venezia,TurnPike,25-30,27.5,17.8,2.610998771
3,Robert Allen,12/07/2018,13/07/2018,Venezia,TurnPike,25-30,27.5,18.1,2.625585659
3,Robert Allen,12/07/2018,13/07/2018,Venezia,TurnPike,25-30,27.5,18.3,2.635220922
3,Robert Allen,12/07/2018,13/07/2018,Venezia,TurnPike,25-30,27.5,18.4,2.640012244
3,Robert Allen,12/07/2018,13/07/2018,Venezia,TurnPike,25-30,27.5,18.4,2.640012244
3,Robert Allen,12/07/2018,13/07/2018,Venezia,TurnPike,25-30,27.5,18.5,2.644786236
3,Robert Allen,12/07/2018,13/07/2018,Venezia,TurnPike,25-30,27.5,18.7,2.654282857
3,Robert Allen,12/07/2018,13/07/2018,Venezia,TurnPike,25-30,27.5,18.9,2.663712005
3,Robert Allen,12/07/2018,13/07/2018,Venezia,TurnPike,25-30,27.5,18.9,2.663712005
3,Robert Allen,12/07/2018,13/07/2018,Venezia,TurnPike,25-30,27.5,19,2.668401649
3,Robert Allen,12/07/2018,13/07/2018,Venezia,TurnPike,25-30,27.5,19.5,2.691606306
3,Robert Allen,12/07/2018,13/07/2018,Venezia,TurnPike,25-30,27.5,19.8,2.705339229
3,Robert Allen,12/07/2018,13/07/2018,Venezia,TurnPike,25-30,27.5,19.9,2.709886026
3,Robert Allen,12/07/2018,13/07/2018,Venezia,TurnPike,25-30,27.5,20.1,2.718934127
3,Robert Allen,12/07/2018,13/07/2018,Venezia,TurnPike,25-30,27.5,20.1,2.718934127
3,Robert Allen,12/07/2018,13/07/2018,Venezia,TurnPike,25-30,27.5,20.1,2.718934127
3,Robert Allen,12/07/2018,13/07/2018,Venezia,TurnPike,25-30,27.5,20.3,2.727922404
3,Robert Allen,12/07/2018,13/07/2018,Venezia,TurnPike,25-30,27.5,20.5,2.736851837
3,Robert Allen,12/07/2018,13/07/2018,Venezia,TurnPike,25-30,27.5,20.5,2.736851837
3,Robert Allen,12/07/2018,13/07/2018,Venezia,TurnPike,25-30,27.5,20.8,2.750137734
3,Robert Allen,12/07/2018,13/07/2018,Venezia,TurnPike,25-30,27.5,21,2.758924176
3,Robert Allen,12/07/2018,13/07/2018,Venezia,TurnPike,25-30,27.5,21.1,2.763296488
3,Robert Allen,12/07/2018,13/07/2018,Venezia,TurnPike,25-30,27.5,21.1,2.763296488
3,Robert Allen,12/07/2018,13/07/2018,Venezia,TurnPike,25-30,27.5,21.2,2.767655007
3,Robert Allen,12/07/2018,13/07/2018,Venezia,TurnPike,25-30,27.5,21.6,2.7849533
3,Robert Allen,12/07/2018,13/07/2018,Venezia,TurnPike,25-30,27.5,21.7,2.789244452
3,Robert Allen,12/07/2018,13/07/2018,Venezia,TurnPike,25-30,27.5,22.1,2.806278428
3,Robert Allen,12/07/2018,13/07/2018,Venezia,TurnPike,25-30,27.5,22.2,2.810504758
3,Robert Allen,12/07/2018,13/07/2018,Venezia,TurnPike,25-30,27.5,22.3,2.814718414
3,Robert Allen,12/07/2018,13/07/2018,Venezia,TurnPike,25-30,27.5,22.3,2.814718414
3,Robert Allen,12/07/2018,13/07/2018,Venezia,TurnPike,25-30,27.5,22.7,2.831448189
3,Robert Allen,12/07/2018,13/07/2018,Venezia,TurnPike,25-30,27.5,22.8,2.835599878
3,Robert Allen,12/07/2018,13/07/2018,Venezia,TurnPike,25-30,27.5,23,2.84386698
3,Robert Allen,12/07/2018,13/07/2018,Venezia,TurnPike,25-30,27.5,23,2.84386698
3,Robert Allen,12/07/2018,13/07/2018,Venezia,TurnPike,25-30,27.5,23.3,2.856178246
3,Robert Allen,12/07/2018,13/07/2018,Venezia,TurnPike,25-30,27.5,23.4,2.860258506
3,Robert Allen,12/07/2018,13/07/2018,Venezia,TurnPike,25-30,27.5,23.7,2.872429965
3,Robert Allen,12/07/2018,13/07/2018,Venezia,TurnPike,25-30,27.5,23.8,2.876464282
3,Robert Allen,12/07/2018,13/07/2018,Venezia,TurnPike,25-30,27.5,23.9,2.880487315
3,Robert Allen,12/07/2018,13/07/2018,Venezia,TurnPike,25-30,27.5,24.8,2.916199472
3,Robert Allen,12/07/2018,13/07/2018,Venezia,TurnPike,30-35,32.5,20.1,2.718934127
3,Robert Allen,12/07/2018,13/07/2018,Venezia,TurnPike,30-35,32.5,20.8,2.750137734
3,Robert Allen,12/07/2018,13/07/2018,Venezia,TurnPike,30-35,32.5,21.5,2.780648883
1,Robert Allen,12/07/2018,13/07/2018,Soraya,Yr 1 variety trial Field,30-35,32.5,22.1,2.806278428
3,Robert Allen,12/07/2018,13/07/2018,Venezia,TurnPike,30-35,32.5,22.4,2.818919493
3,Robert Allen,12/07/2018,13/07/2018,Venezia,TurnPike,30-35,32.5,23,2.84386698
3,Robert Allen,12/07/2018,13/07/2018,Venezia,TurnPike,30-35,32.5,23.3,2.856178246
3,Robert Allen,12/07/2018,13/07/2018,Venezia,TurnPike,30-35,32.5,25,2.924017738
3,Robert Allen,12/07/2018,13/07/2018,Venezia,TurnPike,30-35,32.5,25.8,2.954880364
3,Robert Allen,12/07/2018,13/07/2018,Venezia,TurnPike,30-35,32.5,26,2.962496068
3,Robert Allen,12/07/2018,13/07/2018,Venezia,TurnPike,30-35,32.5,26.1,2.966289281
1,Robert Allen,12/07/2018,13/07/2018,Soraya,Yr 1 variety trial Field,30-35,32.5,26.2,2.970072818
3,Robert Allen,12/07/2018,13/07/2018,Venezia,TurnPike,30-35,32.5,26.2,2.970072818
3,Robert Allen,12/07/2018,13/07/2018,Venezia,TurnPike,30-35,32.5,26.2,2.970072818
3,Robert Allen,12/07/2018,13/07/2018,Venezia,TurnPike,30-35,32.5,26.6,2.985111417
3,Robert Allen,12/07/2018,13/07/2018,Venezia,TurnPike,30-35,32.5,26.8,2.992574227
3,Robert Allen,12/07/2018,13/07/2018,Venezia,TurnPike,30-35,32.5,27.3,3.011070211
3,Robert Allen,12/07/2018,13/07/2018,Venezia,TurnPike,30-35,32.5,27.4,3.014742251
3,Robert Allen,12/07/2018,13/07/2018,Venezia,TurnPike,30-35,32.5,27.5,3.018405368
3,Robert Allen,12/07/2018,13/07/2018,Venezia,TurnPike,30-35,32.5,27.6,3.022059616
1,Robert Allen,12/07/2018,13/07/2018,Soraya,Yr 1 variety trial Field,30-35,32.5,27.7,3.025705047
3,Robert Allen,12/07/2018,13/07/2018,Venezia,TurnPike,30-35,32.5,27.7,3.025705047
3,Robert Allen,12/07/2018,13/07/2018,Venezia,TurnPike,30-35,32.5,27.7,3.025705047
3,Robert Allen,12/07/2018,13/07/2018,Venezia,TurnPike,30-35,32.5,28.4,3.050980604
3,Robert Allen,12/07/2018,13/07/2018,Venezia,TurnPike,30-35,32.5,28.7,3.061685887
3,Robert Allen,12/07/2018,13/07/2018,Venezia,TurnPike,30-35,32.5,28.7,3.061685887
3,Robert Allen,12/07/2018,13/07/2018,Venezia,TurnPike,30-35,32.5,29,3.072316826
3,Robert Allen,12/07/2018,13/07/2018,Venezia,TurnPike,30-35,32.5,29.1,3.075844173
3,Robert Allen,12/07/2018,13/07/2018,Venezia,TurnPike,30-35,32.5,29.3,3.082874698
3,Robert Allen,12/07/2018,13/07/2018,Venezia,TurnPike,30-35,32.5,29.4,3.086377968
3,Robert Allen,12/07/2018,13/07/2018,Venezia,TurnPike,30-35,32.5,29.5,3.089873303
3,Robert Allen,12/07/2018,13/07/2018,Venezia,TurnPike,30-35,32.5,29.5,3.089873303
3,Robert Allen,12/07/2018,13/07/2018,Venezia,TurnPike,30-35,32.5,30.1,3.110681158
3,Robert Allen,12/07/2018,13/07/2018,Venezia,TurnPike,30-35,32.5,30.2,3.114122179
3,Robert Allen,12/07/2018,13/07/2018,Venezia,TurnPike,30-35,32.5,30.6,3.127810804
3,Robert Allen,12/07/2018,13/07/2018,Venezia,TurnPike,30-35,32.5,32,3.174802104
3,Robert Allen,12/07/2018,13/07/2018,Venezia,TurnPike,30-35,32.5,33.1,3.210770997
3,Robert Allen,12/07/2018,13/07/2018,Venezia,TurnPike,30-35,32.5,33.2,3.214001151
3,Robert Allen,12/07/2018,13/07/2018,Venezia,TurnPike,30-35,32.5,33.3,3.217224825
3,Robert Allen,12/07/2018,13/07/2018,Venezia,TurnPike,30-35,32.5,33.7,3.230055369
3,Robert Allen,12/07/2018,13/07/2018,Venezia,TurnPike,30-35,32.5,33.8,3.233247125
3,Robert Allen,12/07/2018,13/07/2018,Venezia,TurnPike,30-35,32.5,34.5,3.255415036
3,Robert Allen,12/07/2018,13/07/2018,Venezia,TurnPike,30-35,32.5,35,3.27106631
3,Robert Allen,12/07/2018,13/07/2018,Venezia,TurnPike,30-35,32.5,35.1,3.274178649
3,Robert Allen,12/07/2018,13/07/2018,Venezia,TurnPike,30-35,32.5,35.4,3.283480343
3,Robert Allen,12/07/2018,13/07/2018,Venezia,TurnPike,30-35,32.5,36.3,3.311073908
3,Robert Allen,12/07/2018,13/07/2018,Venezia,TurnPike,30-35,32.5,36.8,3.326206998
3,Robert Allen,12/07/2018,13/07/2018,Venezia,TurnPike,30-35,32.5,36.9,3.329217141
3,Robert Allen,12/07/2018,13/07/2018,Venezia,TurnPike,30-35,32.5,37.7,3.353104718
3,Robert Allen,12/07/2018,13/07/2018,Venezia,TurnPike,30-35,32.5,37.8,3.356066826
3,Robert Allen,12/07/2018,13/07/2018,Venezia,TurnPike,30-35,32.5,39.3,3.399884656
3,Robert Allen,12/07/2018,13/07/2018,Venezia,TurnPike,30-35,32.5,39.8,3.414242447
3,Robert Allen,12/07/2018,13/07/2018,Venezia,TurnPike,30-35,32.5,40.6,3.436966859
3,Robert Allen,12/07/2018,13/07/2018,Venezia,TurnPike,30-35,32.5,40.7,3.439786358
3,Robert Allen,12/07/2018,13/07/2018,Venezia,TurnPike,30-35,32.5,40.8,3.442601241
3,Robert Allen,12/07/2018,13/07/2018,Venezia,TurnPike,30-35,32.5,43.1,3.50611177
3,Robert Allen,12/07/2018,13/07/2018,Venezia,TurnPike,30-35,32.5,44.7,3.548971467
2,Robert Allen,12/07/2018,13/07/2018,Soraya,Yr 1 variety trial Field,35-40,37.5,24.3,2.896468154
2,Robert Allen,12/07/2018,13/07/2018,Soraya,Yr 1 variety trial Field,35-40,37.5,25.6,2.947225199
2,Robert Allen,12/07/2018,13/07/2018,Soraya,Yr 1 variety trial Field,35-40,37.5,25.8,2.954880364
3,Robert Allen,12/07/2018,13/07/2018,Venezia,TurnPike,35-40,37.5,29.2,3.079363449
1,Robert Allen,12/07/2018,13/07/2018,Soraya,Yr 1 variety trial Field,35-40,37.5,32.7,3.197784925
3,Robert Allen,12/07/2018,13/07/2018,Venezia,TurnPike,35-40,37.5,33.1,3.210770997
2,Robert Allen,12/07/2018,13/07/2018,Soraya,Yr 1 variety trial Field,35-40,37.5,34,3.239611801
3,Robert Allen,12/07/2018,13/07/2018,Venezia,TurnPike,35-40,37.5,34.5,3.255415036
3,Robert Allen,12/07/2018,13/07/2018,Venezia,TurnPike,35-40,37.5,35,3.27106631
3,Robert Allen,12/07/2018,13/07/2018,Venezia,TurnPike,35-40,37.5,35.9,3.298867074
3,Robert Allen,12/07/2018,13/07/2018,Venezia,TurnPike,35-40,37.5,36.1,3.304981762
3,Robert Allen,12/07/2018,13/07/2018,Venezia,TurnPike,35-40,37.5,36.8,3.326206998
3,Robert Allen,12/07/2018,13/07/2018,Venezia,TurnPike,35-40,37.5,37.1,3.335221153
3,Robert Allen,12/07/2018,13/07/2018,Venezia,TurnPike,35-40,37.5,38,3.361975407
3,Robert Allen,12/07/2018,13/07/2018,Venezia,TurnPike,35-40,37.5,38.3,3.37079953
1,Robert Allen,12/07/2018,13/07/2018,Soraya,Yr 1 variety trial Field,35-40,37.5,38.6,3.379577693
2,Robert Allen,12/07/2018,13/07/2018,Soraya,Yr 1 variety trial Field,35-40,37.5,38.8,3.385404563
3,Robert Allen,12/07/2018,13/07/2018,Venezia,TurnPike,35-40,37.5,38.8,3.385404563
1,Robert Allen,12/07/2018,13/07/2018,Soraya,Yr 1 variety trial Field,35-40,37.5,39,3.391211443
3,Robert Allen,12/07/2018,13/07/2018,Venezia,TurnPike,35-40,37.5,40.5,3.434142728
3,Robert Allen,12/07/2018,13/07/2018,Venezia,TurnPike,35-40,37.5,40.6,3.436966859
2,Robert Allen,12/07/2018,13/07/2018,Soraya,Yr 1 variety trial Field,35-40,37.5,40.7,3.439786358
3,Robert Allen,12/07/2018,13/07/2018,Venezia,TurnPike,35-40,37.5,40.9,3.445411529
2,Robert Allen,12/07/2018,13/07/2018,Soraya,Yr 1 variety trial Field,35-40,37.5,41.2,3.453815005
3,Robert Allen,12/07/2018,13/07/2018,Venezia,TurnPike,35-40,37.5,42.2,3.481535413
1,Robert Allen,12/07/2018,13/07/2018,Soraya,Yr 1 variety trial Field,35-40,37.5,42.4,3.487026803
3,Robert Allen,12/07/2018,13/07/2018,Venezia,TurnPike,35-40,37.5,42.4,3.487026803
3,Robert Allen,12/07/2018,13/07/2018,Venezia,TurnPike,35-40,37.5,42.4,3.487026803
1,Robert Allen,12/07/2018,13/07/2018,Soraya,Yr 1 variety trial Field,35-40,37.5,42.8,3.497957993
3,Robert Allen,12/07/2018,13/07/2018,Venezia,TurnPike,35-40,37.5,42.8,3.497957993
3,Robert Allen,12/07/2018,13/07/2018,Venezia,TurnPike,35-40,37.5,42.9,3.50068014
3,Robert Allen,12/07/2018,13/07/2018,Venezia,TurnPike,35-40,37.5,43.1,3.50611177
3,Robert Allen,12/07/2018,13/07/2018,Venezia,TurnPike,35-40,37.5,43.2,3.508821286
3,Robert Allen,12/07/2018,13/07/2018,Venezia,TurnPike,35-40,37.5,43.4,3.514227799
3,Robert Allen,12/07/2018,13/07/2018,Venezia,TurnPike,35-40,37.5,44.2,3.535689264
3,Robert Allen,12/07/2018,13/07/2018,Venezia,TurnPike,35-40,37.5,45.2,3.562154989
3,Robert Allen,12/07/2018,13/07/2018,Venezia,TurnPike,35-40,37.5,45.3,3.564780012
3,Robert Allen,12/07/2018,13/07/2018,Venezia,TurnPike,35-40,37.5,45.6,3.572631975
3,Robert Allen,12/07/2018,13/07/2018,Venezia,TurnPike,35-40,37.5,45.8,3.577847504
2,Robert Allen,12/07/2018,13/07/2018,Soraya,Yr 1 variety trial Field,35-40,37.5,46.2,3.588233186
3,Robert Allen,12/07/2018,13/07/2018,Venezia,TurnPike,35-40,37.5,46.6,3.598559094
3,Robert Allen,12/07/2018,13/07/2018,Venezia,TurnPike,35-40,37.5,47.1,3.611383718
3,Robert Allen,12/07/2018,13/07/2018,Venezia,TurnPike,35-40,37.5,48.1,3.636763214
3,Robert Allen,12/07/2018,13/07/2018,Venezia,TurnPike,35-40,37.5,48.3,3.641796802
3,Robert Allen,12/07/2018,13/07/2018,Venezia,TurnPike,35-40,37.5,48.6,3.649321197
3,Robert Allen,12/07/2018,13/07/2018,Venezia,TurnPike,35-40,37.5,48.7,3.651822446
3,Robert Allen,12/07/2018,13/07/2018,Venezia,TurnPike,35-40,37.5,50,3.684031499
3,Robert Allen,12/07/2018,13/07/2018,Venezia,TurnPike,35-40,37.5,50,3.684031499
3,Robert Allen,12/07/2018,13/07/2018,Venezia,TurnPike,35-40,37.5,50.2,3.688937006
3,Robert Allen,12/07/2018,13/07/2018,Venezia,TurnPike,35-40,37.5,51.5,3.72050943
3,Robert Allen,12/07/2018,13/07/2018,Venezia,TurnPike,35-40,37.5,51.5,3.72050943
3,Robert Allen,12/07/2018,13/07/2018,Venezia,TurnPike,35-40,37.5,51.5,3.72050943
3,Robert Allen,12/07/2018,13/07/2018,Venezia,TurnPike,35-40,37.5,51.8,3.727719738
3,Robert Allen,12/07/2018,13/07/2018,Venezia,TurnPike,35-40,37.5,51.8,3.727719738
3,Robert Allen,12/07/2018,13/07/2018,Venezia,TurnPike,35-40,37.5,52,3.732511157
3,Robert Allen,12/07/2018,13/07/2018,Venezia,TurnPike,35-40,37.5,52,3.732511157
3,Robert Allen,12/07/2018,13/07/2018,Venezia,TurnPike,35-40,37.5,52.1,3.73490226
3,Robert Allen,12/07/2018,13/07/2018,Venezia,TurnPike,35-40,37.5,52.2,3.737290306
3,Robert Allen,12/07/2018,13/07/2018,Venezia,TurnPike,35-40,37.5,52.2,3.737290306
3,Robert Allen,12/07/2018,13/07/2018,Venezia,TurnPike,35-40,37.5,52.7,3.749185008
3,Robert Allen,12/07/2018,13/07/2018,Venezia,TurnPike,35-40,37.5,53.2,3.761004711
3,Robert Allen,12/07/2018,13/07/2018,Venezia,TurnPike,35-40,37.5,53.3,3.763359755
3,Robert Allen,12/07/2018,13/07/2018,Venezia,TurnPike,35-40,37.5,53.5,3.768061022
3,Robert Allen,12/07/2018,13/07/2018,Venezia,TurnPike,35-40,37.5,53.6,3.770407262
3,Robert Allen,12/07/2018,13/07/2018,Venezia,TurnPike,35-40,37.5,53.7,3.772750586
3,Robert Allen,12/07/2018,13/07/2018,Venezia,TurnPike,35-40,37.5,54.3,3.786749789
3,Robert Allen,12/07/2018,13/07/2018,Venezia,TurnPike,35-40,37.5,54.8,3.798337223
3,Robert Allen,12/07/2018,13/07/2018,Venezia,TurnPike,35-40,37.5,55.7,3.819018232
3,Robert Allen,12/07/2018,13/07/2018,Venezia,TurnPike,35-40,37.5,57.5,3.859721315
3,Robert Allen,12/07/2018,13/07/2018,Venezia,TurnPike,35-40,37.5,58.5,3.881968038
3,Robert Allen,12/07/2018,13/07/2018,Venezia,TurnPike,35-40,37.5,59.4,3.901774341
3,Robert Allen,12/07/2018,13/07/2018,Venezia,TurnPike,35-40,37.5,59.9,3.912691505
3,Robert Allen,12/07/2018,13/07/2018,Venezia,TurnPike,35-40,37.5,61.4,3.945082809
3,Robert Allen,12/07/2018,13/07/2018,Venezia,TurnPike,35-40,37.5,61.5,3.947223386
3,Robert Allen,12/07/2018,13/07/2018,Venezia,TurnPike,35-40,37.5,63.1,3.981161416
3,Robert Allen,12/07/2018,13/07/2018,Venezia,TurnPike,35-40,37.5,66.3,4.047353858
1,Robert Allen,12/07/2018,13/07/2018,Soraya,Yr 1 variety trial Field,40-45,42.5,42.7,3.495231602
2,Robert Allen,12/07/2018,13/07/2018,Soraya,Yr 1 variety trial Field,40-45,42.5,49.9,3.681573838
1,Robert Allen,12/07/2018,13/07/2018,Soraya,Yr 1 variety trial Field,40-45,42.5,51.2,3.713271067
1,Robert Allen,12/07/2018,13/07/2018,Soraya,Yr 1 variety trial Field,40-45,42.5,55.8,3.821302335
1,Robert Allen,12/07/2018,13/07/2018,Soraya,Yr 1 variety trial Field,40-45,42.5,56,3.825862366
2,Robert Allen,12/07/2018,13/07/2018,Soraya,Yr 1 variety trial Field,40-45,42.5,56.8,3.843994686
1,Robert Allen,12/07/2018,13/07/2018,Soraya,Yr 1 variety trial Field,40-45,42.5,57.5,3.859721315
1,Robert Allen,12/07/2018,13/07/2018,Soraya,Yr 1 variety trial Field,40-45,42.5,58.8,3.88859257
2,Robert Allen,12/07/2018,13/07/2018,Soraya,Yr 1 variety trial Field,40-45,42.5,60.2,3.91921267
3,Robert Allen,12/07/2018,13/07/2018,Venezia,TurnPike,40-45,42.5,60.3,3.921381576
2,Robert Allen,12/07/2018,13/07/2018,Soraya,Yr 1 variety trial Field,40-45,42.5,60.9,3.934344915
3,Robert Allen,12/07/2018,13/07/2018,Venezia,TurnPike,40-45,42.5,61.4,3.945082809
3,Robert Allen,12/07/2018,13/07/2018,Venezia,TurnPike,40-45,42.5,61.5,3.947223386
1,Robert Allen,12/07/2018,13/07/2018,Soraya,Yr 1 variety trial Field,40-45,42.5,61.9,3.955762566
3,Robert Allen,12/07/2018,13/07/2018,Venezia,TurnPike,40-45,42.5,62.6,3.970618037
3,Robert Allen,12/07/2018,13/07/2018,Venezia,TurnPike,40-45,42.5,63,3.979057208
1,Robert Allen,12/07/2018,13/07/2018,Soraya,Yr 1 variety trial Field,40-45,42.5,63.2,3.983263403
3,Robert Allen,12/07/2018,13/07/2018,Venezia,TurnPike,40-45,42.5,63.3,3.985363173
3,Robert Allen,12/07/2018,13/07/2018,Venezia,TurnPike,40-45,42.5,64,4
1,Robert Allen,12/07/2018,13/07/2018,Soraya,Yr 1 variety trial Field,40-45,42.5,65.3,4.026901998
3,Robert Allen,12/07/2018,13/07/2018,Venezia,TurnPike,40-45,42.5,65.8,4.03715383
3,Robert Allen,12/07/2018,13/07/2018,Venezia,TurnPike,40-45,42.5,67.3,4.067601087
3,Robert Allen,12/07/2018,13/07/2018,Venezia,TurnPike,40-45,42.5,67.5,4.071626425
3,Robert Allen,12/07/2018,13/07/2018,Venezia,TurnPike,40-45,42.5,69.3,4.107501634
1,Robert Allen,12/07/2018,13/07/2018,Soraya,Yr 1 variety trial Field,40-45,42.5,69.8,4.117356522
3,Robert Allen,12/07/2018,13/07/2018,Venezia,TurnPike,40-45,42.5,70.3,4.127164459
1,Robert Allen,12/07/2018,13/07/2018,Soraya,Yr 1 variety trial Field,40-45,42.5,70.4,4.129120462
3,Robert Allen,12/07/2018,13/07/2018,Venezia,TurnPike,40-45,42.5,70.9,4.13887279
3,Robert Allen,12/07/2018,13/07/2018,Venezia,TurnPike,40-45,42.5,71.7,4.154381592
3,Robert Allen,12/07/2018,13/07/2018,Venezia,TurnPike,40-45,42.5,72.8,4.175518957
1,Robert Allen,12/07/2018,13/07/2018,Soraya,Yr 1 variety trial Field,40-45,42.5,73,4.179339196
3,Robert Allen,12/07/2018,13/07/2018,Venezia,TurnPike,40-45,42.5,74.3,4.204002232
3,Robert Allen,12/07/2018,13/07/2018,Venezia,TurnPike,40-45,42.5,75.6,4.228379239
3,Robert Allen,12/07/2018,13/07/2018,Venezia,TurnPike,40-45,42.5,77.9,4.270831978
3,Robert Allen,12/07/2018,13/07/2018,Venezia,TurnPike,40-45,42.5,78.1,4.274483824
3,Robert Allen,12/07/2018,13/07/2018,Venezia,TurnPike,40-45,42.5,78.1,4.274483824
3,Robert Allen,12/07/2018,13/07/2018,Venezia,TurnPike,40-45,42.5,79.4,4.298070163
3,Robert Allen,12/07/2018,13/07/2018,Venezia,TurnPike,40-45,42.5,84.6,4.389921837
3,Robert Allen,12/07/2018,13/07/2018,Venezia,TurnPike,40-45,42.5,87.5,4.439520009
3,Robert Allen,12/07/2018,13/07/2018,Venezia,TurnPike,40-45,42.5,89,4.464745096
3,Robert Allen,12/07/2018,13/07/2018,Venezia,TurnPike,40-45,42.5,89.8,4.478082726
1,Robert Allen,12/07/2018,13/07/2018,Soraya,Yr 1 variety trial Field,45-50,47.5,71.8,4.156312067
1,Robert Allen,12/07/2018,13/07/2018,Soraya,Yr 1 variety trial Field,45-50,47.5,69.2,4.105524973
1,Robert Allen,12/07/2018,13/07/2018,Soraya,Yr 1 variety trial Field,45-50,47.5,71.2,4.144702196
1,Robert Allen,12/07/2018,13/07/2018,Soraya,Yr 1 variety trial Field,45-50,47.5,71.6,4.152449321
2,Robert Allen,12/07/2018,13/07/2018,Soraya,Yr 1 variety trial Field,45-50,47.5,73.6,4.190758213
1,Robert Allen,12/07/2018,13/07/2018,Soraya,Yr 1 variety trial Field,45-50,47.5,74.2,4.202115337
2,Robert Allen,12/07/2018,13/07/2018,Soraya,Yr 1 variety trial Field,45-50,47.5,74.6,4.209652779
2,Robert Allen,12/07/2018,13/07/2018,Soraya,Yr 1 variety trial Field,45-50,47.5,75.1,4.219036789
1,Robert Allen,12/07/2018,13/07/2018,Soraya,Yr 1 variety trial Field,45-50,47.5,75.8,4.232104685
1,Robert Allen,12/07/2018,13/07/2018,Soraya,Yr 1 variety trial Field,45-50,47.5,77.8,4.269003711
1,Robert Allen,12/07/2018,13/07/2018,Soraya,Yr 1 variety trial Field,45-50,47.5,78.4,4.279949922
2,Robert Allen,12/07/2018,13/07/2018,Soraya,Yr 1 variety trial Field,45-50,47.5,78.6,4.283586245
2,Robert Allen,12/07/2018,13/07/2018,Soraya,Yr 1 variety trial Field,45-50,47.5,80.5,4.317827554
1,Robert Allen,12/07/2018,13/07/2018,Soraya,Yr 1 variety trial Field,45-50,47.5,80.9,4.324967423
2,Robert Allen,12/07/2018,13/07/2018,Soraya,Yr 1 variety trial Field,45-50,47.5,82.8,4.358564182
1,Robert Allen,12/07/2018,13/07/2018,Soraya,Yr 1 variety trial Field,45-50,47.5,83,4.362070671
1,Robert Allen,12/07/2018,13/07/2018,Soraya,Yr 1 variety trial Field,45-50,47.5,83.1,4.363821804
1,Robert Allen,12/07/2018,13/07/2018,Soraya,Yr 1 variety trial Field,45-50,47.5,83.9,4.377780545
2,Robert Allen,12/07/2018,13/07/2018,Soraya,Yr 1 variety trial Field,45-50,47.5,84.3,4.384726659
2,Robert Allen,12/07/2018,13/07/2018,Soraya,Yr 1 variety trial Field,45-50,47.5,87,4.431047622
2,Robert Allen,12/07/2018,13/07/2018,Soraya,Yr 1 variety trial Field,45-50,47.5,87.6,4.441210611
2,Robert Allen,12/07/2018,13/07/2018,Soraya,Yr 1 variety trial Field,45-50,47.5,87.6,4.441210611
2,Robert Allen,12/07/2018,13/07/2018,Soraya,Yr 1 variety trial Field,45-50,47.5,87.8,4.444587958
2,Robert Allen,12/07/2018,13/07/2018,Soraya,Yr 1 variety trial Field,45-50,47.5,88.3,4.453008948
2,Robert Allen,12/07/2018,13/07/2018,Soraya,Yr 1 variety trial Field,45-50,47.5,88.4,4.454689329
2,Robert Allen,12/07/2018,13/07/2018,Soraya,Yr 1 variety trial Field,45-50,47.5,88.6,4.458046293
2,Robert Allen,12/07/2018,13/07/2018,Soraya,Yr 1 variety trial Field,45-50,47.5,89.1,4.466416659
2,Robert Allen,12/07/2018,13/07/2018,Soraya,Yr 1 variety trial Field,45-50,47.5,89.2,4.468086972
1,Robert Allen,12/07/2018,13/07/2018,Soraya,Yr 1 variety trial Field,45-50,47.5,90,4.481404747
1,Robert Allen,12/07/2018,13/07/2018,Soraya,Yr 1 variety trial Field,45-50,47.5,90.9,4.496293244
3,Robert Allen,12/07/2018,13/07/2018,Venezia,TurnPike,45-50,47.5,92,4.514357435
2,Robert Allen,12/07/2018,13/07/2018,Soraya,Yr 1 variety trial Field,45-50,47.5,92.8,4.527404784
1,Robert Allen,12/07/2018,13/07/2018,Soraya,Yr 1 variety trial Field,45-50,47.5,94.3,4.551667867
1,Robert Allen,12/07/2018,13/07/2018,Soraya,Yr 1 variety trial Field,45-50,47.5,94.4,4.55327623
1,Robert Allen,12/07/2018,13/07/2018,Soraya,Yr 1 variety trial Field,45-50,47.5,94.4,4.55327623
2,Robert Allen,12/07/2018,13/07/2018,Soraya,Yr 1 variety trial Field,45-50,47.5,97.3,4.599432822
3,Robert Allen,12/07/2018,13/07/2018,Venezia,TurnPike,45-50,47.5,97.3,4.599432822
2,Robert Allen,12/07/2018,13/07/2018,Soraya,Yr 1 variety trial Field,45-50,47.5,101.6,4.666213108
1,Robert Allen,12/07/2018,13/07/2018,Soraya,Yr 1 variety trial Field,45-50,47.5,105.5,4.725170528
1,Robert Allen,12/07/2018,13/07/2018,Soraya,Yr 1 variety trial Field,50-55,52.5,85.2,4.400275465
1,Robert Allen,12/07/2018,13/07/2018,Soraya,Yr 1 variety trial Field,50-55,52.5,94.6,4.556489552
2,Robert Allen,12/07/2018,13/07/2018,Soraya,Yr 1 variety trial Field,50-55,52.5,95.1,4.564503092
2,Robert Allen,12/07/2018,13/07/2018,Soraya,Yr 1 variety trial Field,50-55,52.5,95.6,4.572488593
1,Robert Allen,12/07/2018,13/07/2018,Soraya,Yr 1 variety trial Field,50-55,52.5,96,4.57885697
1,Robert Allen,12/07/2018,13/07/2018,Soraya,Yr 1 variety trial Field,50-55,52.5,96.6,4.588376451
2,Robert Allen,12/07/2018,13/07/2018,Soraya,Yr 1 variety trial Field,50-55,52.5,97.3,4.599432822
2,Robert Allen,12/07/2018,13/07/2018,Soraya,Yr 1 variety trial Field,50-55,52.5,98.2,4.613570512
1,Robert Allen,12/07/2018,13/07/2018,Soraya,Yr 1 variety trial Field,50-55,52.5,100,4.641588834
2,Robert Allen,12/07/2018,13/07/2018,Soraya,Yr 1 variety trial Field,50-55,52.5,101,4.657009508
2,Robert Allen,12/07/2018,13/07/2018,Soraya,Yr 1 variety trial Field,50-55,52.5,102.9,4.686030651
1,Robert Allen,12/07/2018,13/07/2018,Soraya,Yr 1 variety trial Field,50-55,52.5,103.7,4.698143223
2,Robert Allen,12/07/2018,13/07/2018,Soraya,Yr 1 variety trial Field,50-55,52.5,103.8,4.699652909
1,Robert Allen,12/07/2018,13/07/2018,Soraya,Yr 1 variety trial Field,50-55,52.5,104.4,4.708690726
2,Robert Allen,12/07/2018,13/07/2018,Soraya,Yr 1 variety trial Field,50-55,52.5,104.5,4.710193659
2,Robert Allen,12/07/2018,13/07/2018,Soraya,Yr 1 variety trial Field,50-55,52.5,105.3,4.72218275
1,Robert Allen,12/07/2018,13/07/2018,Soraya,Yr 1 variety trial Field,50-55,52.5,106.2,4.735598114
1,Robert Allen,12/07/2018,13/07/2018,Soraya,Yr 1 variety trial Field,50-55,52.5,107,4.747459399
1,Robert Allen,12/07/2018,13/07/2018,Soraya,Yr 1 variety trial Field,50-55,52.5,109.4,4.782692297
1,Robert Allen,12/07/2018,13/07/2018,Soraya,Yr 1 variety trial Field,50-55,52.5,111.3,4.810221275
1,Robert Allen,12/07/2018,13/07/2018,Soraya,Yr 1 variety trial Field,50-55,52.5,111.4,4.811661461
1,Robert Allen,12/07/2018,13/07/2018,Soraya,Yr 1 variety trial Field,50-55,52.5,111.7,4.815976854
1,Robert Allen,12/07/2018,13/07/2018,Soraya,Yr 1 variety trial Field,50-55,52.5,112.8,4.831734178
1,Robert Allen,12/07/2018,13/07/2018,Soraya,Yr 1 variety trial Field,50-55,52.5,113.3,4.838862743
1,Robert Allen,12/07/2018,13/07/2018,Soraya,Yr 1 variety trial Field,50-55,52.5,114.2,4.851641489
1,Robert Allen,12/07/2018,13/07/2018,Soraya,Yr 1 variety trial Field,50-55,52.5,114.2,4.851641489
1,Robert Allen,12/07/2018,13/07/2018,Soraya,Yr 1 variety trial Field,50-55,52.5,114.4,4.854472086
2,Robert Allen,12/07/2018,13/07/2018,Soraya,Yr 1 variety trial Field,50-55,52.5,114.7,4.858711802
2,Robert Allen,12/07/2018,13/07/2018,Soraya,Yr 1 variety trial Field,50-55,52.5,115.9,4.875597122
2,Robert Allen,12/07/2018,13/07/2018,Soraya,Yr 1 variety trial Field,50-55,52.5,117.6,4.899319633
1,Robert Allen,12/07/2018,13/07/2018,Soraya,Yr 1 variety trial Field,50-55,52.5,118.8,4.915927624
1,Robert Allen,12/07/2018,13/07/2018,Soraya,Yr 1 variety trial Field,50-55,52.5,120,4.932424149
2,Robert Allen,12/07/2018,13/07/2018,Soraya,Yr 1 variety trial Field,50-55,52.5,120.5,4.939265245
1,Robert Allen,12/07/2018,13/07/2018,Soraya,Yr 1 variety trial Field,50-55,52.5,121.5,4.952890873
2,Robert Allen,12/07/2018,13/07/2018,Soraya,Yr 1 variety trial Field,50-55,52.5,122,4.959675664
2,Robert Allen,12/07/2018,13/07/2018,Soraya,Yr 1 variety trial Field,50-55,52.5,127.5,5.033113548
2,Robert Allen,12/07/2018,13/07/2018,Soraya,Yr 1 variety trial Field,50-55,52.5,127.6,5.034429051
1,Robert Allen,12/07/2018,13/07/2018,Soraya,Yr 1 variety trial Field,50-55,52.5,127.8,5.037057996
2,Robert Allen,12/07/2018,13/07/2018,Soraya,Yr 1 variety trial Field,50-55,52.5,132.2,5.094213609
1,Robert Allen,12/07/2018,13/07/2018,Soraya,Yr 1 variety trial Field,50-55,52.5,133.2,5.107026071
2,Robert Allen,12/07/2018,13/07/2018,Soraya,Yr 1 variety trial Field,50-55,52.5,134.7,5.126125075
2,Robert Allen,12/07/2018,13/07/2018,Soraya,Yr 1 variety trial Field,50-55,52.5,135.6,5.137516502
1,Robert Allen,12/07/2018,13/07/2018,Soraya,Yr 1 variety trial Field,50-55,52.5,139.9,5.191257499
1,Robert Allen,12/07/2018,13/07/2018,Soraya,Yr 1 variety trial Field,50-55,52.5,142,5.217103446
1,Robert Allen,12/07/2018,13/07/2018,Soraya,Yr 1 variety trial Field,50-55,52.5,150.6,5.320367811
1,Robert Allen,12/07/2018,13/07/2018,Soraya,Yr 1 variety trial Field,50-55,52.5,157.3,5.398124635
2,Robert Allen,12/07/2018,13/07/2018,Soraya,Yr 1 variety trial Field,55-60,57.5,121,4.946087443
2,Robert Allen,12/07/2018,13/07/2018,Soraya,Yr 1 variety trial Field,55-60,57.5,125,5
1,Robert Allen,12/07/2018,13/07/2018,Soraya,Yr 1 variety trial Field,55-60,57.5,132,5.09164337
1,Robert Allen,12/07/2018,13/07/2018,Soraya,Yr 1 variety trial Field,55-60,57.5,135.4,5.13498944
1,Robert Allen,12/07/2018,13/07/2018,Soraya,Yr 1 variety trial Field,55-60,57.5,140.3,5.19620038
1,Robert Allen,12/07/2018,13/07/2018,Soraya,Yr 1 variety trial Field,55-60,57.5,140.4,5.197434632
2,Robert Allen,12/07/2018,13/07/2018,Soraya,Yr 1 variety trial Field,55-60,57.5,141.2,5.207287612
2,Robert Allen,12/07/2018,13/07/2018,Soraya,Yr 1 variety trial Field,55-60,57.5,142.7,5.225662103
2,Robert Allen,12/07/2018,13/07/2018,Soraya,Yr 1 variety trial Field,55-60,57.5,146.1,5.266839354
2,Robert Allen,12/07/2018,13/07/2018,Soraya,Yr 1 variety trial Field,55-60,57.5,146.6,5.272840772
2,Robert Allen,12/07/2018,13/07/2018,Soraya,Yr 1 variety trial Field,55-60,57.5,148.5,5.295522503
1,Robert Allen,12/07/2018,13/07/2018,Soraya,Yr 1 variety trial Field,55-60,57.5,148.8,5.299086113
2,Robert Allen,12/07/2018,13/07/2018,Soraya,Yr 1 variety trial Field,55-60,57.5,151.2,5.32742401
2,Robert Allen,12/07/2018,13/07/2018,Soraya,Yr 1 variety trial Field,55-60,57.5,153,5.348481241
2,Robert Allen,12/07/2018,13/07/2018,Soraya,Yr 1 variety trial Field,55-60,57.5,157.5,5.400411491
2,Robert Allen,12/07/2018,13/07/2018,Soraya,Yr 1 variety trial Field,55-60,57.5,157.9,5.404979403
1,Robert Allen,12/07/2018,13/07/2018,Soraya,Yr 1 variety trial Field,55-60,57.5,159.3,5.420906608
2,Robert Allen,12/07/2018,13/07/2018,Soraya,Yr 1 variety trial Field,55-60,57.5,160.7,5.436740767
2,Robert Allen,12/07/2018,13/07/2018,Soraya,Yr 1 variety trial Field,55-60,57.5,165.5,5.490341174
1,Robert Allen,12/07/2018,13/07/2018,Soraya,Yr 1 variety trial Field,55-60,57.5,165.9,5.494760851
2,Robert Allen,12/07/2018,13/07/2018,Soraya,Yr 1 variety trial Field,55-60,57.5,166.8,5.504679214
2,Robert Allen,12/07/2018,13/07/2018,Soraya,Yr 1 variety trial Field,55-60,57.5,177.6,5.621009515
1,Robert Allen,12/07/2018,13/07/2018,Soraya,Yr 1 variety trial Field,60-65,62.5,153.2,5.350810719
1,Robert Allen,12/07/2018,13/07/2018,Soraya,Yr 1 variety trial Field,60-65,62.5,155.5,5.377455161
1,Robert Allen,12/07/2018,13/07/2018,Soraya,Yr 1 variety trial Field,60-65,62.5,167.9,5.516753324
2,Robert Allen,12/07/2018,13/07/2018,Soraya,Yr 1 variety trial Field,60-65,62.5,175.3,5.59663914
1,Robert Allen,12/07/2018,13/07/2018,Soraya,Yr 1 variety trial Field,60-65,62.5,175.9,5.603017082
1,Robert Allen,12/07/2018,13/07/2018,Soraya,Yr 1 variety trial Field,60-65,62.5,183.8,5.685672439
2,Robert Allen,12/07/2018,13/07/2018,Soraya,Yr 1 variety trial Field,60-65,62.5,185.4,5.70212294
1,Robert Allen,12/07/2018,13/07/2018,Soraya,Yr 1 variety trial Field,60-65,62.5,186.7,5.715419418
2,Robert Allen,12/07/2018,13/07/2018,Soraya,Yr 1 variety trial Field,60-65,62.5,192.2,5.771000711
2,Robert Allen,12/07/2018,13/07/2018,Soraya,Yr 1 variety trial Field,60-65,62.5,201.4,5.861649176
1,Robert Allen,12/07/2018,13/07/2018,Soraya,Yr 1 variety trial Field,60-65,62.5,205,5.89636854
2,Robert Allen,12/07/2018,13/07/2018,Soraya,Yr 1 variety trial Field,65-70,67.5,224.3,6.075887974
10,Robert Allan,17/07/2018,17/07/2018,Marfona,EB Field - Plot 1 Guard 2,15-20,17.5,2,1.25992105
11,Robert Allan,17/07/2018,17/07/2018,Marfona,EB Field - Plot 1 Guard 1,15-20,17.5,2.1,1.280579165
11,Robert Allan,17/07/2018,17/07/2018,Marfona,EB Field - Plot 1 Guard 1,15-20,17.5,2.2,1.300591447
8,Robert Allan,17/07/2018,17/07/2018,Marfona,EB Field - Plot 24 Guard 1,15-20,17.5,2.3,1.320006122
5,Robert Allan,17/07/2018,17/07/2018,Marfona,EB Field - Dig 2,15-20,17.5,2.5,1.357208808
9,Robert Allan,17/07/2018,17/07/2018,Marfona,EB Field - Plot 24 Guard 2,15-20,17.5,2.5,1.357208808
8,Robert Allan,17/07/2018,17/07/2018,Marfona,EB Field - Plot 24 Guard 1,15-20,17.5,3.1,1.458099736
4,Robert Allan,17/07/2018,17/07/2018,Marfona,EB Field - Dig 1,15-20,17.5,3.4,1.503694596
5,Robert Allan,17/07/2018,17/07/2018,Marfona,EB Field - Dig 2,15-20,17.5,3.6,1.532618865
4,Robert Allan,17/07/2018,17/07/2018,Marfona,EB Field - Dig 1,15-20,17.5,3.8,1.560490751
6,Robert Allan,17/07/2018,17/07/2018,Marfona,EB Field - Plot 12 Guard 2,15-20,17.5,3.8,1.560490751
10,Robert Allan,17/07/2018,17/07/2018,Marfona,EB Field - Plot 1 Guard 2,15-20,17.5,4.5,1.650963624
6,Robert Allan,17/07/2018,17/07/2018,Marfona,EB Field - Plot 12 Guard 2,15-20,17.5,4.6,1.663103499
6,Robert Allan,17/07/2018,17/07/2018,Marfona,EB Field - Plot 12 Guard 2,20-25,22.5,5,1.709975947
11,Robert Allan,17/07/2018,17/07/2018,Marfona,EB Field - Plot 1 Guard 1,20-25,22.5,5.4,1.754410643
7,Robert Allan,17/07/2018,17/07/2018,Marfona,EB Field - Plot 12 Guard 1,20-25,22.5,5.7,1.786315988
9,Robert Allan,17/07/2018,17/07/2018,Marfona,EB Field - Plot 24 Guard 2,20-25,22.5,6.1,1.827160137
6,Robert Allan,17/07/2018,17/07/2018,Marfona,EB Field - Plot 12 Guard 2,20-25,22.5,6.2,1.83709055
9,Robert Allan,17/07/2018,17/07/2018,Marfona,EB Field - Plot 24 Guard 2,20-25,22.5,7.4,1.94869516
4,Robert Allan,17/07/2018,17/07/2018,Marfona,EB Field - Dig 1,20-25,22.5,7.5,1.957433821
6,Robert Allan,17/07/2018,17/07/2018,Marfona,EB Field - Plot 12 Guard 2,20-25,22.5,7.5,1.957433821
10,Robert Allan,17/07/2018,17/07/2018,Marfona,EB Field - Plot 1 Guard 2,20-25,22.5,7.9,1.991631701
10,Robert Allan,17/07/2018,17/07/2018,Marfona,EB Field - Plot 1 Guard 2,20-25,22.5,8.1,2.00829885
6,Robert Allan,17/07/2018,17/07/2018,Marfona,EB Field - Plot 12 Guard 2,20-25,22.5,8.6,2.048799615
4,Robert Allan,17/07/2018,17/07/2018,Marfona,EB Field - Dig 1,20-25,22.5,9.4,2.110454294
11,Robert Allan,17/07/2018,17/07/2018,Marfona,EB Field - Plot 1 Guard 1,20-25,22.5,9.5,2.117911792
11,Robert Allan,17/07/2018,17/07/2018,Marfona,EB Field - Plot 1 Guard 1,25-30,27.5,10.5,2.18975957
5,Robert Allan,17/07/2018,17/07/2018,Marfona,EB Field - Dig 2,25-30,27.5,11.3,2.244017027
8,Robert Allan,17/07/2018,17/07/2018,Marfona,EB Field - Plot 24 Guard 1,25-30,27.5,11.3,2.244017027
11,Robert Allan,17/07/2018,17/07/2018,Marfona,EB Field - Plot 1 Guard 1,50-55,52.5,110.4,4.797220613
5,Robert Allan,17/07/2018,17/07/2018,Marfona,EB Field - Dig 2,25-30,27.5,11.5,2.257178718
6,Robert Allan,17/07/2018,17/07/2018,Marfona,EB Field - Plot 12 Guard 2,25-30,27.5,11.8,2.276638115
6,Robert Allan,17/07/2018,17/07/2018,Marfona,EB Field - Plot 12 Guard 2,25-30,27.5,11.8,2.276638115
9,Robert Allan,17/07/2018,17/07/2018,Marfona,EB Field - Plot 24 Guard 2,25-30,27.5,13.1,2.357348358
11,Robert Allan,17/07/2018,17/07/2018,Marfona,EB Field - Plot 1 Guard 1,25-30,27.5,13.6,2.386966384
4,Robert Allan,17/07/2018,17/07/2018,Marfona,EB Field - Dig 1,25-30,27.5,13.7,2.392802511
6,Robert Allan,17/07/2018,17/07/2018,Marfona,EB Field - Plot 12 Guard 2,25-30,27.5,13.7,2.392802511
11,Robert Allan,17/07/2018,17/07/2018,Marfona,EB Field - Plot 1 Guard 1,25-30,27.5,13.8,2.398610307
8,Robert Allan,17/07/2018,17/07/2018,Marfona,EB Field - Plot 24 Guard 1,25-30,27.5,14,2.410142264
5,Robert Allan,17/07/2018,17/07/2018,Marfona,EB Field - Dig 2,25-30,27.5,14.2,2.42156491
5,Robert Allan,17/07/2018,17/07/2018,Marfona,EB Field - Dig 2,25-30,27.5,15.9,2.514581454
9,Robert Allan,17/07/2018,17/07/2018,Marfona,EB Field - Plot 24 Guard 2,25-30,27.5,19.4,2.686997382
4,Robert Allan,17/07/2018,17/07/2018,Marfona,EB Field - Dig 1,30-35,32.5,22,2.802039331
11,Robert Allan,17/07/2018,17/07/2018,Marfona,EB Field - Plot 1 Guard 1,30-35,32.5,22.6,2.827284288
5,Robert Allan,17/07/2018,17/07/2018,Marfona,EB Field - Dig 2,30-35,32.5,22.7,2.831448189
6,Robert Allan,17/07/2018,17/07/2018,Marfona,EB Field - Plot 12 Guard 2,30-35,32.5,24,2.884499141
4,Robert Allan,17/07/2018,17/07/2018,Marfona,EB Field - Dig 1,30-35,32.5,24.6,2.908339058
10,Robert Allan,17/07/2018,17/07/2018,Marfona,EB Field - Plot 1 Guard 2,30-35,32.5,25,2.924017738
4,Robert Allan,17/07/2018,17/07/2018,Marfona,EB Field - Dig 1,30-35,32.5,25.7,2.951057746
6,Robert Allan,17/07/2018,17/07/2018,Marfona,EB Field - Plot 12 Guard 2,30-35,32.5,25.8,2.954880364
11,Robert Allan,17/07/2018,17/07/2018,Marfona,EB Field - Plot 1 Guard 1,30-35,32.5,26.1,2.966289281
6,Robert Allan,17/07/2018,17/07/2018,Marfona,EB Field - Plot 12 Guard 2,35-40,37.5,26.4,2.977611106
10,Robert Allan,17/07/2018,17/07/2018,Marfona,EB Field - Plot 1 Guard 2,35-40,37.5,27.2,3.007389192
8,Robert Allan,17/07/2018,17/07/2018,Marfona,EB Field - Plot 24 Guard 1,30-35,32.5,30,3.107232506
4,Robert Allan,17/07/2018,17/07/2018,Marfona,EB Field - Dig 1,35-40,37.5,30.2,3.114122179
4,Robert Allan,17/07/2018,17/07/2018,Marfona,EB Field - Dig 1,35-40,37.5,30.8,3.134610414
7,Robert Allan,17/07/2018,17/07/2018,Marfona,EB Field - Plot 12 Guard 1,35-40,37.5,31.4,3.154834267
4,Robert Allan,17/07/2018,17/07/2018,Marfona,EB Field - Dig 1,35-40,37.5,31.9,3.171491568
10,Robert Allan,17/07/2018,17/07/2018,Marfona,EB Field - Plot 1 Guard 2,35-40,37.5,32.2,3.181402543
5,Robert Allan,17/07/2018,17/07/2018,Marfona,EB Field - Dig 2,35-40,37.5,32.4,3.187975708
9,Robert Allan,17/07/2018,17/07/2018,Marfona,EB Field - Plot 24 Guard 2,35-40,37.5,33,3.20753433
7,Robert Allan,17/07/2018,17/07/2018,Marfona,EB Field - Plot 12 Guard 1,35-40,37.5,34.8,3.264823802
5,Robert Allan,17/07/2018,17/07/2018,Marfona,EB Field - Dig 2,35-40,37.5,36.1,3.304981762
8,Robert Allan,17/07/2018,17/07/2018,Marfona,EB Field - Plot 24 Guard 1,40-45,42.5,36.9,3.329217141
8,Robert Allan,17/07/2018,17/07/2018,Marfona,EB Field - Plot 24 Guard 1,35-40,37.5,37.7,3.353104718
5,Robert Allan,17/07/2018,17/07/2018,Marfona,EB Field - Dig 2,35-40,37.5,38.2,3.367863292
10,Robert Allan,17/07/2018,17/07/2018,Marfona,EB Field - Plot 1 Guard 2,40-45,42.5,39.6,3.408513842
8,Robert Allan,17/07/2018,17/07/2018,Marfona,EB Field - Plot 24 Guard 1,40-45,42.5,40.9,3.445411529
7,Robert Allan,17/07/2018,17/07/2018,Marfona,EB Field - Plot 12 Guard 1,35-40,37.5,41,3.44821724
6,Robert Allan,17/07/2018,17/07/2018,Marfona,EB Field - Plot 12 Guard 2,40-45,42.5,42.6,3.492500951
4,Robert Allan,17/07/2018,17/07/2018,Marfona,EB Field - Dig 1,40-45,42.5,43.5,3.516924828
10,Robert Allan,17/07/2018,17/07/2018,Marfona,EB Field - Plot 1 Guard 2,40-45,42.5,44.5,3.543670531
4,Robert Allan,17/07/2018,17/07/2018,Marfona,EB Field - Dig 1,40-45,42.5,45.5,3.570018491
6,Robert Allan,17/07/2018,17/07/2018,Marfona,EB Field - Plot 12 Guard 2,40-45,42.5,45.6,3.572631975
11,Robert Allan,17/07/2018,17/07/2018,Marfona,EB Field - Plot 1 Guard 1,40-45,42.5,46.1,3.585642403
8,Robert Allan,17/07/2018,17/07/2018,Marfona,EB Field - Plot 24 Guard 1,40-45,42.5,48.9,3.656814691
7,Robert Allan,17/07/2018,17/07/2018,Marfona,EB Field - Plot 12 Guard 1,40-45,42.5,49.9,3.681573838
11,Robert Allan,17/07/2018,17/07/2018,Marfona,EB Field - Plot 1 Guard 1,40-45,42.5,51,3.708429769
10,Robert Allan,17/07/2018,17/07/2018,Marfona,EB Field - Plot 1 Guard 2,40-45,42.5,51.7,3.725319403
6,Robert Allan,17/07/2018,17/07/2018,Marfona,EB Field - Plot 12 Guard 2,40-45,42.5,51.8,3.727719738
7,Robert Allan,17/07/2018,17/07/2018,Marfona,EB Field - Plot 12 Guard 1,40-45,42.5,51.8,3.727719738
6,Robert Allan,17/07/2018,17/07/2018,Marfona,EB Field - Plot 12 Guard 2,45-50,47.5,54.3,3.786749789
7,Robert Allan,17/07/2018,17/07/2018,Marfona,EB Field - Plot 12 Guard 1,40-45,42.5,54.9,3.800646243
5,Robert Allan,17/07/2018,17/07/2018,Marfona,EB Field - Dig 2,40-45,42.5,58.8,3.88859257
11,Robert Allan,17/07/2018,17/07/2018,Marfona,EB Field - Plot 1 Guard 1,45-50,47.5,60,3.914867641
9,Robert Allan,17/07/2018,17/07/2018,Marfona,EB Field - Plot 24 Guard 2,40-45,42.5,62,3.95789161
7,Robert Allan,17/07/2018,17/07/2018,Marfona,EB Field - Plot 12 Guard 1,40-45,42.5,62.2,3.962142839
7,Robert Allan,17/07/2018,17/07/2018,Marfona,EB Field - Plot 12 Guard 1,45-50,47.5,62.3,3.964265037
7,Robert Allan,17/07/2018,17/07/2018,Marfona,EB Field - Plot 12 Guard 1,40-45,42.5,63.1,3.981161416
10,Robert Allan,17/07/2018,17/07/2018,Marfona,EB Field - Plot 1 Guard 2,45-50,47.5,65.1,4.022786613
5,Robert Allan,17/07/2018,17/07/2018,Marfona,EB Field - Dig 2,45-50,47.5,66.1,4.043280021
4,Robert Allan,17/07/2018,17/07/2018,Marfona,EB Field - Dig 1,45-50,47.5,66.3,4.047353858
6,Robert Allan,17/07/2018,17/07/2018,Marfona,EB Field - Plot 12 Guard 2,45-50,47.5,67.1,4.063567767
7,Robert Allan,17/07/2018,17/07/2018,Marfona,EB Field - Plot 12 Guard 1,45-50,47.5,67.5,4.071626425
6,Robert Allan,17/07/2018,17/07/2018,Marfona,EB Field - Plot 12 Guard 2,45-50,47.5,68.2,4.085652808
8,Robert Allan,17/07/2018,17/07/2018,Marfona,EB Field - Plot 24 Guard 1,45-50,47.5,70.6,4.133026917
7,Robert Allan,17/07/2018,17/07/2018,Marfona,EB Field - Plot 12 Guard 1,45-50,47.5,71.6,4.152449321
6,Robert Allan,17/07/2018,17/07/2018,Marfona,EB Field - Plot 12 Guard 2,45-50,47.5,72.7,4.173606214
5,Robert Allan,17/07/2018,17/07/2018,Marfona,EB Field - Dig 2,45-50,47.5,73.1,4.1812467
5,Robert Allan,17/07/2018,17/07/2018,Marfona,EB Field - Dig 2,45-50,47.5,74,4.198336454
6,Robert Allan,17/07/2018,17/07/2018,Marfona,EB Field - Plot 12 Guard 2,45-50,47.5,76.8,4.250634277
4,Robert Allan,17/07/2018,17/07/2018,Marfona,EB Field - Dig 1,45-50,47.5,78.1,4.274483824
4,Robert Allan,17/07/2018,17/07/2018,Marfona,EB Field - Dig 1,45-50,47.5,78.7,4.285402094
8,Robert Allan,17/07/2018,17/07/2018,Marfona,EB Field - Plot 24 Guard 1,45-50,47.5,79,4.290840427
11,Robert Allan,17/07/2018,17/07/2018,Marfona,EB Field - Plot 1 Guard 1,45-50,47.5,79,4.290840427
4,Robert Allan,17/07/2018,17/07/2018,Marfona,EB Field - Dig 1,45-50,47.5,79.1,4.292650145
11,Robert Allan,17/07/2018,17/07/2018,Marfona,EB Field - Plot 1 Guard 1,50-55,52.5,80.2,4.312457116
5,Robert Allan,17/07/2018,17/07/2018,Marfona,EB Field - Dig 2,45-50,47.5,80.2,4.312457116
9,Robert Allan,17/07/2018,17/07/2018,Marfona,EB Field - Plot 24 Guard 2,50-55,52.5,81,4.326748711
4,Robert Allan,17/07/2018,17/07/2018,Marfona,EB Field - Dig 1,45-50,47.5,82.1,4.346246818
4,Robert Allan,17/07/2018,17/07/2018,Marfona,EB Field - Dig 1,45-50,47.5,82.2,4.348010717
4,Robert Allan,17/07/2018,17/07/2018,Marfona,EB Field - Dig 1,45-50,47.5,82.8,4.358564182
10,Robert Allan,17/07/2018,17/07/2018,Marfona,EB Field - Plot 1 Guard 2,45-50,47.5,83.7,4.374299207
4,Robert Allan,17/07/2018,17/07/2018,Marfona,EB Field - Dig 1,45-50,47.5,83.9,4.377780545
9,Robert Allan,17/07/2018,17/07/2018,Marfona,EB Field - Plot 24 Guard 2,50-55,52.5,84.4,4.386459752
4,Robert Allan,17/07/2018,17/07/2018,Marfona,EB Field - Dig 1,50-55,52.5,85,4.396829672
10,Robert Allan,17/07/2018,17/07/2018,Marfona,EB Field - Plot 1 Guard 2,50-55,52.5,87.4,4.437828118
6,Robert Allan,17/07/2018,17/07/2018,Marfona,EB Field - Plot 12 Guard 2,50-55,52.5,88.3,4.453008948
5,Robert Allan,17/07/2018,17/07/2018,Marfona,EB Field - Dig 2,45-50,47.5,89.9,4.479744352
6,Robert Allan,17/07/2018,17/07/2018,Marfona,EB Field - Plot 12 Guard 2,45-50,47.5,89.9,4.479744352
5,Robert Allan,17/07/2018,17/07/2018,Marfona,EB Field - Dig 2,45-50,47.5,90.1,4.483063912
5,Robert Allan,17/07/2018,17/07/2018,Marfona,EB Field - Dig 2,50-55,52.5,90.6,4.491341375
9,Robert Allan,17/07/2018,17/07/2018,Marfona,EB Field - Plot 24 Guard 2,50-55,52.5,91.3,4.502878816
6,Robert Allan,17/07/2018,17/07/2018,Marfona,EB Field - Plot 12 Guard 2,50-55,52.5,91.4,4.504522203
11,Robert Allan,17/07/2018,17/07/2018,Marfona,EB Field - Plot 1 Guard 1,50-55,52.5,91.9,4.512721206
8,Robert Allan,17/07/2018,17/07/2018,Marfona,EB Field - Plot 24 Guard 1,50-55,52.5,93.1,4.532278205
4,Robert Allan,17/07/2018,17/07/2018,Marfona,EB Field - Dig 1,50-55,52.5,95.3,4.567700644
8,Robert Allan,17/07/2018,17/07/2018,Marfona,EB Field - Plot 24 Guard 1,50-55,52.5,95.7,4.574082351
5,Robert Allan,17/07/2018,17/07/2018,Marfona,EB Field - Dig 2,50-55,52.5,97.6,4.604155036
6,Robert Allan,17/07/2018,17/07/2018,Marfona,EB Field - Plot 12 Guard 2,50-55,52.5,97.6,4.604155036
10,Robert Allan,17/07/2018,17/07/2018,Marfona,EB Field - Plot 1 Guard 2,50-55,52.5,97.6,4.604155036
5,Robert Allan,17/07/2018,17/07/2018,Marfona,EB Field - Dig 2,50-55,52.5,98.2,4.613570512
5,Robert Allan,17/07/2018,17/07/2018,Marfona,EB Field - Dig 2,50-55,52.5,99,4.626065009
4,Robert Allan,17/07/2018,17/07/2018,Marfona,EB Field - Dig 1,50-55,52.5,99.6,4.635391778
10,Robert Allan,17/07/2018,17/07/2018,Marfona,EB Field - Plot 1 Guard 2,55-60,57.5,100.8,4.653933543
5,Robert Allan,17/07/2018,17/07/2018,Marfona,EB Field - Dig 2,50-55,52.5,100.9,4.655472033
10,Robert Allan,17/07/2018,17/07/2018,Marfona,EB Field - Plot 1 Guard 2,45-50,47.5,101.8,4.669272921
7,Robert Allan,17/07/2018,17/07/2018,Marfona,EB Field - Plot 12 Guard 1,50-55,52.5,103.3,4.692094754
11,Robert Allan,17/07/2018,17/07/2018,Marfona,EB Field - Plot 1 Guard 1,50-55,52.5,103.9,4.701161626
11,Robert Allan,17/07/2018,17/07/2018,Marfona,EB Field - Plot 1 Guard 1,50-55,52.5,105.1,4.719191186
10,Robert Allan,17/07/2018,17/07/2018,Marfona,EB Field - Plot 1 Guard 2,55-60,57.5,106.4,4.738569004
6,Robert Allan,17/07/2018,17/07/2018,Marfona,EB Field - Plot 12 Guard 2,50-55,52.5,106.6,4.741536174
4,Robert Allan,17/07/2018,17/07/2018,Marfona,EB Field - Dig 1,50-55,52.5,106.7,4.743018367
11,Robert Allan,17/07/2018,17/07/2018,Marfona,EB Field - Plot 1 Guard 1,50-55,52.5,106.8,4.744499635
10,Robert Allan,17/07/2018,17/07/2018,Marfona,EB Field - Plot 1 Guard 2,55-60,57.5,110,4.791419857
5,Robert Allan,17/07/2018,17/07/2018,Marfona,EB Field - Dig 2,50-55,52.5,110.2,4.79432199
10,Robert Allan,17/07/2018,17/07/2018,Marfona,EB Field - Plot 1 Guard 2,55-60,57.5,110.6,4.800115738
8,Robert Allan,17/07/2018,17/07/2018,Marfona,EB Field - Plot 24 Guard 1,55-60,57.5,111,4.805895534
7,Robert Allan,17/07/2018,17/07/2018,Marfona,EB Field - Plot 12 Guard 1,55-60,57.5,112,4.820284528
6,Robert Allan,17/07/2018,17/07/2018,Marfona,EB Field - Plot 12 Guard 2,50-55,52.5,113.5,4.841708297
8,Robert Allan,17/07/2018,17/07/2018,Marfona,EB Field - Plot 24 Guard 1,50-55,52.5,113.6,4.84312982
6,Robert Allan,17/07/2018,17/07/2018,Marfona,EB Field - Plot 12 Guard 2,50-55,52.5,116.3,4.881199651
6,Robert Allan,17/07/2018,17/07/2018,Marfona,EB Field - Plot 12 Guard 2,50-55,52.5,116.6,4.885393124
11,Robert Allan,17/07/2018,17/07/2018,Marfona,EB Field - Plot 1 Guard 1,55-60,57.5,116.8,4.888184778
8,Robert Allan,17/07/2018,17/07/2018,Marfona,EB Field - Plot 24 Guard 1,55-60,57.5,117.2,4.893758539
4,Robert Allan,17/07/2018,17/07/2018,Marfona,EB Field - Dig 1,50-55,52.5,117.2,4.893758539
10,Robert Allan,17/07/2018,17/07/2018,Marfona,EB Field - Plot 1 Guard 2,55-60,57.5,117.4,4.896540665
4,Robert Allan,17/07/2018,17/07/2018,Marfona,EB Field - Dig 1,50-55,52.5,117.4,4.896540665
5,Robert Allan,17/07/2018,17/07/2018,Marfona,EB Field - Dig 2,55-60,57.5,118.5,4.911786149
10,Robert Allan,17/07/2018,17/07/2018,Marfona,EB Field - Plot 1 Guard 2,55-60,57.5,119.2,4.921438758
5,Robert Allan,17/07/2018,17/07/2018,Marfona,EB Field - Dig 2,55-60,57.5,119.8,4.929682389
7,Robert Allan,17/07/2018,17/07/2018,Marfona,EB Field - Plot 12 Guard 1,50-55,52.5,121.1,4.947449627
6,Robert Allan,17/07/2018,17/07/2018,Marfona,EB Field - Plot 12 Guard 2,50-55,52.5,121.5,4.952890873
9,Robert Allan,17/07/2018,17/07/2018,Marfona,EB Field - Plot 24 Guard 2,55-60,57.5,122.3,4.963737644
4,Robert Allan,17/07/2018,17/07/2018,Marfona,EB Field - Dig 1,50-55,52.5,122.7,4.969143298
9,Robert Allan,17/07/2018,17/07/2018,Marfona,EB Field - Plot 24 Guard 2,55-60,57.5,123.9,4.9852901
4,Robert Allan,17/07/2018,17/07/2018,Marfona,EB Field - Dig 1,60-65,62.5,124.3,4.99064919
11,Robert Allan,17/07/2018,17/07/2018,Marfona,EB Field - Plot 1 Guard 1,55-60,57.5,124.5,4.993324425
8,Robert Allan,17/07/2018,17/07/2018,Marfona,EB Field - Plot 24 Guard 1,55-60,57.5,124.6,4.994660968
7,Robert Allan,17/07/2018,17/07/2018,Marfona,EB Field - Plot 12 Guard 1,50-55,52.5,124.8,4.99733191
8,Robert Allan,17/07/2018,17/07/2018,Marfona,EB Field - Plot 24 Guard 1,55-60,57.5,125.2,5.002665246
5,Robert Allan,17/07/2018,17/07/2018,Marfona,EB Field - Dig 2,60-65,62.5,126.5,5.019920529
11,Robert Allan,17/07/2018,17/07/2018,Marfona,EB Field - Plot 1 Guard 1,55-60,57.5,126.7,5.022564681
4,Robert Allan,17/07/2018,17/07/2018,Marfona,EB Field - Dig 1,55-60,57.5,127.7,5.035743866
4,Robert Allan,17/07/2018,17/07/2018,Marfona,EB Field - Dig 1,55-60,57.5,129.2,5.055384252
4,Robert Allan,17/07/2018,17/07/2018,Marfona,EB Field - Dig 1,55-60,57.5,129.4,5.057991464
4,Robert Allan,17/07/2018,17/07/2018,Marfona,EB Field - Dig 1,55-60,57.5,130,5.065797019
10,Robert Allan,17/07/2018,17/07/2018,Marfona,EB Field - Plot 1 Guard 2,55-60,57.5,130.1,5.067095608
10,Robert Allan,17/07/2018,17/07/2018,Marfona,EB Field - Plot 1 Guard 2,60-65,62.5,130.2,5.068393533
10,Robert Allan,17/07/2018,17/07/2018,Marfona,EB Field - Plot 1 Guard 2,55-60,57.5,130.4,5.070987389
8,Robert Allan,17/07/2018,17/07/2018,Marfona,EB Field - Plot 24 Guard 1,55-60,57.5,131.4,5.08391704
8,Robert Allan,17/07/2018,17/07/2018,Marfona,EB Field - Plot 24 Guard 1,55-60,57.5,131.7,5.087783138
4,Robert Allan,17/07/2018,17/07/2018,Marfona,EB Field - Dig 1,50-55,52.5,131.8,5.089070533
10,Robert Allan,17/07/2018,17/07/2018,Marfona,EB Field - Plot 1 Guard 2,55-60,57.5,132.2,5.094213609
4,Robert Allan,17/07/2018,17/07/2018,Marfona,EB Field - Dig 1,55-60,57.5,132.9,5.103189086
7,Robert Allan,17/07/2018,17/07/2018,Marfona,EB Field - Plot 12 Guard 1,55-60,57.5,132.9,5.103189086
7,Robert Allan,17/07/2018,17/07/2018,Marfona,EB Field - Plot 12 Guard 1,55-60,57.5,133,5.104468722
9,Robert Allan,17/07/2018,17/07/2018,Marfona,EB Field - Plot 24 Guard 2,60-65,62.5,133.6,5.112133101
4,Robert Allan,17/07/2018,17/07/2018,Marfona,EB Field - Dig 1,55-60,57.5,134,5.117229947
4,Robert Allan,17/07/2018,17/07/2018,Marfona,EB Field - Dig 1,55-60,57.5,134.4,5.12231666
6,Robert Allan,17/07/2018,17/07/2018,Marfona,EB Field - Plot 12 Guard 2,55-60,57.5,134.4,5.12231666
8,Robert Allan,17/07/2018,17/07/2018,Marfona,EB Field - Plot 24 Guard 1,55-60,57.5,134.4,5.12231666
6,Robert Allan,17/07/2018,17/07/2018,Marfona,EB Field - Plot 12 Guard 2,55-60,57.5,134.9,5.128660878
4,Robert Allan,17/07/2018,17/07/2018,Marfona,EB Field - Dig 1,55-60,57.5,135.6,5.137516502
10,Robert Allan,17/07/2018,17/07/2018,Marfona,EB Field - Plot 1 Guard 2,55-60,57.5,137.2,5.157644098
4,Robert Allan,17/07/2018,17/07/2018,Marfona,EB Field - Dig 1,50-55,52.5,137.6,5.162651523
8,Robert Allan,17/07/2018,17/07/2018,Marfona,EB Field - Plot 24 Guard 1,55-60,57.5,138.6,5.175127771
6,Robert Allan,17/07/2018,17/07/2018,Marfona,EB Field - Plot 12 Guard 2,55-60,57.5,138.7,5.176372091
11,Robert Allan,17/07/2018,17/07/2018,Marfona,EB Field - Plot 1 Guard 1,60-65,62.5,139.4,5.185065631
8,Robert Allan,17/07/2018,17/07/2018,Marfona,EB Field - Plot 24 Guard 1,60-65,62.5,140.5,5.198668298
4,Robert Allan,17/07/2018,17/07/2018,Marfona,EB Field - Dig 1,55-60,57.5,141,5.204827863
5,Robert Allan,17/07/2018,17/07/2018,Marfona,EB Field - Dig 2,55-60,57.5,141.2,5.207287612
10,Robert Allan,17/07/2018,17/07/2018,Marfona,EB Field - Plot 1 Guard 2,55-60,57.5,141.5,5.210972884
11,Robert Allan,17/07/2018,17/07/2018,Marfona,EB Field - Plot 1 Guard 1,60-65,62.5,141.7,5.213426839
6,Robert Allan,17/07/2018,17/07/2018,Marfona,EB Field - Plot 12 Guard 2,55-60,57.5,142,5.217103446
8,Robert Allan,17/07/2018,17/07/2018,Marfona,EB Field - Plot 24 Guard 1,55-60,57.5,142.1,5.218327831
5,Robert Allan,17/07/2018,17/07/2018,Marfona,EB Field - Dig 2,60-65,62.5,142.2,5.219551642
8,Robert Allan,17/07/2018,17/07/2018,Marfona,EB Field - Plot 24 Guard 1,55-60,57.5,142.2,5.219551642
9,Robert Allan,17/07/2018,17/07/2018,Marfona,EB Field - Plot 24 Guard 2,55-60,57.5,142.2,5.219551642
8,Robert Allan,17/07/2018,17/07/2018,Marfona,EB Field - Plot 24 Guard 1,60-65,62.5,143.1,5.230540204
11,Robert Allan,17/07/2018,17/07/2018,Marfona,EB Field - Plot 1 Guard 1,55-60,57.5,144.6,5.248752538
4,Robert Allan,17/07/2018,17/07/2018,Marfona,EB Field - Dig 1,55-60,57.5,147.5,5.283609026
9,Robert Allan,17/07/2018,17/07/2018,Marfona,EB Field - Plot 24 Guard 2,55-60,57.5,148.2,5.291954091
6,Robert Allan,17/07/2018,17/07/2018,Marfona,EB Field - Plot 12 Guard 2,55-60,57.5,149.3,5.305014833
9,Robert Allan,17/07/2018,17/07/2018,Marfona,EB Field - Plot 24 Guard 2,60-65,62.5,149.5,5.307382615
5,Robert Allan,17/07/2018,17/07/2018,Marfona,EB Field - Dig 2,55-60,57.5,149.9,5.312111852
4,Robert Allan,17/07/2018,17/07/2018,Marfona,EB Field - Dig 1,60-65,62.5,151.4,5.329771928
5,Robert Allan,17/07/2018,17/07/2018,Marfona,EB Field - Dig 2,60-65,62.5,152.1,5.337973392
9,Robert Allan,17/07/2018,17/07/2018,Marfona,EB Field - Plot 24 Guard 2,55-60,57.5,152.3,5.340312045
10,Robert Allan,17/07/2018,17/07/2018,Marfona,EB Field - Plot 1 Guard 2,55-60,57.5,153.3,5.351974698
4,Robert Allan,17/07/2018,17/07/2018,Marfona,EB Field - Dig 1,55-60,57.5,154.3,5.363586743
5,Robert Allan,17/07/2018,17/07/2018,Marfona,EB Field - Dig 2,60-65,62.5,154.4,5.364745185
4,Robert Allan,17/07/2018,17/07/2018,Marfona,EB Field - Dig 1,55-60,57.5,155.1,5.372840308
11,Robert Allan,17/07/2018,17/07/2018,Marfona,EB Field - Plot 1 Guard 1,60-65,62.5,155.2,5.373994764
11,Robert Allan,17/07/2018,17/07/2018,Marfona,EB Field - Plot 1 Guard 1,60-65,62.5,156.9,5.393545099
4,Robert Allan,17/07/2018,17/07/2018,Marfona,EB Field - Dig 1,60-65,62.5,157,5.394690712
4,Robert Allan,17/07/2018,17/07/2018,Marfona,EB Field - Dig 1,55-60,57.5,157.1,5.395835839
7,Robert Allan,17/07/2018,17/07/2018,Marfona,EB Field - Plot 12 Guard 1,60-65,62.5,158.7,5.414092136
11,Robert Allan,17/07/2018,17/07/2018,Marfona,EB Field - Plot 1 Guard 1,60-65,62.5,158.7,5.414092136
8,Robert Allan,17/07/2018,17/07/2018,Marfona,EB Field - Plot 24 Guard 1,60-65,62.5,159.6,5.424307429
5,Robert Allan,17/07/2018,17/07/2018,Marfona,EB Field - Dig 2,60-65,62.5,159.9,5.42770399
5,Robert Allan,17/07/2018,17/07/2018,Marfona,EB Field - Dig 2,60-65,62.5,160.1,5.429966005
4,Robert Allan,17/07/2018,17/07/2018,Marfona,EB Field - Dig 1,60-65,62.5,162.4,5.455844808
9,Robert Allan,17/07/2018,17/07/2018,Marfona,EB Field - Plot 24 Guard 2,60-65,62.5,163.4,5.467020269
10,Robert Allan,17/07/2018,17/07/2018,Marfona,EB Field - Plot 1 Guard 2,60-65,62.5,163.7,5.470364013
11,Robert Allan,17/07/2018,17/07/2018,Marfona,EB Field - Plot 1 Guard 1,60-65,62.5,164.6,5.480370799
5,Robert Allan,17/07/2018,17/07/2018,Marfona,EB Field - Dig 2,55-60,57.5,165,5.484806552
7,Robert Allan,17/07/2018,17/07/2018,Marfona,EB Field - Plot 12 Guard 1,60-65,62.5,165.2,5.487021741
8,Robert Allan,17/07/2018,17/07/2018,Marfona,EB Field - Plot 24 Guard 1,60-65,62.5,165.9,5.494760851
6,Robert Allan,17/07/2018,17/07/2018,Marfona,EB Field - Plot 12 Guard 2,60-65,62.5,166.3,5.49917343
11,Robert Allan,17/07/2018,17/07/2018,Marfona,EB Field - Plot 1 Guard 1,60-65,62.5,166.5,5.501377066
6,Robert Allan,17/07/2018,17/07/2018,Marfona,EB Field - Plot 12 Guard 2,60-65,62.5,166.7,5.503578938
10,Robert Allan,17/07/2018,17/07/2018,Marfona,EB Field - Plot 1 Guard 2,60-65,62.5,166.7,5.503578938
8,Robert Allan,17/07/2018,17/07/2018,Marfona,EB Field - Plot 24 Guard 1,60-65,62.5,166.9,5.50577905
11,Robert Allan,17/07/2018,17/07/2018,Marfona,EB Field - Plot 1 Guard 1,65-70,67.5,168.2,5.520037107
6,Robert Allan,17/07/2018,17/07/2018,Marfona,EB Field - Plot 12 Guard 2,65-70,67.5,168.8,5.526592977
6,Robert Allan,17/07/2018,17/07/2018,Marfona,EB Field - Plot 12 Guard 2,60-65,62.5,169.2,5.53095493
8,Robert Allan,17/07/2018,17/07/2018,Marfona,EB Field - Plot 24 Guard 1,60-65,62.5,169.2,5.53095493
8,Robert Allan,17/07/2018,17/07/2018,Marfona,EB Field - Plot 24 Guard 1,65-70,67.5,170.4,5.543999683
8,Robert Allan,17/07/2018,17/07/2018,Marfona,EB Field - Plot 24 Guard 1,60-65,62.5,170.8,5.548334321
10,Robert Allan,17/07/2018,17/07/2018,Marfona,EB Field - Plot 1 Guard 2,60-65,62.5,172.6,5.567756887
6,Robert Allan,17/07/2018,17/07/2018,Marfona,EB Field - Plot 12 Guard 2,60-65,62.5,172.8,5.5699066
9,Robert Allan,17/07/2018,17/07/2018,Marfona,EB Field - Plot 24 Guard 2,65-70,67.5,173.8,5.580630359
4,Robert Allan,17/07/2018,17/07/2018,Marfona,EB Field - Dig 1,60-65,62.5,174.2,5.584908345
9,Robert Allan,17/07/2018,17/07/2018,Marfona,EB Field - Plot 24 Guard 2,60-65,62.5,174.3,5.585976818
4,Robert Allan,17/07/2018,17/07/2018,Marfona,EB Field - Dig 1,60-65,62.5,175,5.59344471
4,Robert Allan,17/07/2018,17/07/2018,Marfona,EB Field - Dig 1,60-65,62.5,176.4,5.608320963
5,Robert Allan,17/07/2018,17/07/2018,Marfona,EB Field - Dig 2,60-65,62.5,176.7,5.611498483
10,Robert Allan,17/07/2018,17/07/2018,Marfona,EB Field - Plot 1 Guard 2,65-70,67.5,176.8,5.612556857
4,Robert Allan,17/07/2018,17/07/2018,Marfona,EB Field - Dig 1,60-65,62.5,178.4,5.629436829
9,Robert Allan,17/07/2018,17/07/2018,Marfona,EB Field - Plot 24 Guard 2,60-65,62.5,179.3,5.638887496
6,Robert Allan,17/07/2018,17/07/2018,Marfona,EB Field - Plot 12 Guard 2,55-60,57.5,179.7,5.643077642
6,Robert Allan,17/07/2018,17/07/2018,Marfona,EB Field - Plot 12 Guard 2,60-65,62.5,180.1,5.647261575
7,Robert Allan,17/07/2018,17/07/2018,Marfona,EB Field - Plot 12 Guard 1,60-65,62.5,180.1,5.647261575
5,Robert Allan,17/07/2018,17/07/2018,Marfona,EB Field - Dig 2,60-65,62.5,180.9,5.655610893
7,Robert Allan,17/07/2018,17/07/2018,Marfona,EB Field - Plot 12 Guard 1,65-70,67.5,181.3,5.659776323
8,Robert Allan,17/07/2018,17/07/2018,Marfona,EB Field - Plot 24 Guard 1,65-70,67.5,181.6,5.662896377
10,Robert Allan,17/07/2018,17/07/2018,Marfona,EB Field - Plot 1 Guard 2,60-65,62.5,181.7,5.663935631
10,Robert Allan,17/07/2018,17/07/2018,Marfona,EB Field - Plot 1 Guard 2,60-65,62.5,182.2,5.669126191
4,Robert Allan,17/07/2018,17/07/2018,Marfona,EB Field - Dig 1,60-65,62.5,182.3,5.670163163
7,Robert Allan,17/07/2018,17/07/2018,Marfona,EB Field - Plot 12 Guard 1,60-65,62.5,182.7,5.674307263
7,Robert Allan,17/07/2018,17/07/2018,Marfona,EB Field - Plot 12 Guard 1,60-65,62.5,183,5.677411371
10,Robert Allan,17/07/2018,17/07/2018,Marfona,EB Field - Plot 1 Guard 2,65-70,67.5,183.2,5.679478892
10,Robert Allan,17/07/2018,17/07/2018,Marfona,EB Field - Plot 1 Guard 2,65-70,67.5,183.7,5.684641118
9,Robert Allan,17/07/2018,17/07/2018,Marfona,EB Field - Plot 24 Guard 2,60-65,62.5,183.7,5.684641118
10,Robert Allan,17/07/2018,17/07/2018,Marfona,EB Field - Plot 1 Guard 2,65-70,67.5,184.6,5.693909571
11,Robert Allan,17/07/2018,17/07/2018,Marfona,EB Field - Plot 1 Guard 1,65-70,67.5,185,5.698019215
5,Robert Allan,17/07/2018,17/07/2018,Marfona,EB Field - Dig 2,60-65,62.5,185.8,5.706220766
5,Robert Allan,17/07/2018,17/07/2018,Marfona,EB Field - Dig 2,60-65,62.5,186.4,5.712356492
10,Robert Allan,17/07/2018,17/07/2018,Marfona,EB Field - Plot 1 Guard 2,65-70,67.5,187,5.718479065
6,Robert Allan,17/07/2018,17/07/2018,Marfona,EB Field - Plot 12 Guard 2,60-65,62.5,187.1,5.71949822
4,Robert Allan,17/07/2018,17/07/2018,Marfona,EB Field - Dig 1,60-65,62.5,187.2,5.720517012
7,Robert Allan,17/07/2018,17/07/2018,Marfona,EB Field - Plot 12 Guard 1,60-65,62.5,187.2,5.720517012
7,Robert Allan,17/07/2018,17/07/2018,Marfona,EB Field - Plot 12 Guard 1,60-65,62.5,187.3,5.721535441
10,Robert Allan,17/07/2018,17/07/2018,Marfona,EB Field - Plot 1 Guard 2,65-70,67.5,188.7,5.735755542
11,Robert Allan,17/07/2018,17/07/2018,Marfona,EB Field - Plot 1 Guard 1,60-65,62.5,189.1,5.739805503
5,Robert Allan,17/07/2018,17/07/2018,Marfona,EB Field - Dig 2,60-65,62.5,189.3,5.741828342
6,Robert Allan,17/07/2018,17/07/2018,Marfona,EB Field - Plot 12 Guard 2,60-65,62.5,190.6,5.754942191
5,Robert Allan,17/07/2018,17/07/2018,Marfona,EB Field - Dig 2,65-70,67.5,191.6,5.764989247
6,Robert Allan,17/07/2018,17/07/2018,Marfona,EB Field - Plot 12 Guard 2,65-70,67.5,193.2,5.780992075
8,Robert Allan,17/07/2018,17/07/2018,Marfona,EB Field - Plot 24 Guard 1,65-70,67.5,193.5,5.78398276
10,Robert Allan,17/07/2018,17/07/2018,Marfona,EB Field - Plot 1 Guard 2,65-70,67.5,195.4,5.802852343
5,Robert Allan,17/07/2018,17/07/2018,Marfona,EB Field - Dig 2,60-65,62.5,196.3,5.811747889
4,Robert Allan,17/07/2018,17/07/2018,Marfona,EB Field - Dig 1,60-65,62.5,199.1,5.839250232
4,Robert Allan,17/07/2018,17/07/2018,Marfona,EB Field - Dig 1,70-75,72.5,199.5,5.843158047
6,Robert Allan,17/07/2018,17/07/2018,Marfona,EB Field - Plot 12 Guard 2,65-70,67.5,200.3,5.850958033
4,Robert Allan,17/07/2018,17/07/2018,Marfona,EB Field - Dig 1,60-65,62.5,200.6,5.853877674
10,Robert Allan,17/07/2018,17/07/2018,Marfona,EB Field - Plot 1 Guard 2,65-70,67.5,201.5,5.862619166
9,Robert Allan,17/07/2018,17/07/2018,Marfona,EB Field - Plot 24 Guard 2,65-70,67.5,202.2,5.869400127
4,Robert Allan,17/07/2018,17/07/2018,Marfona,EB Field - Dig 1,60-65,62.5,203.3,5.880024372
11,Robert Allan,17/07/2018,17/07/2018,Marfona,EB Field - Plot 1 Guard 1,65-70,67.5,204.4,5.890610364
4,Robert Allan,17/07/2018,17/07/2018,Marfona,EB Field - Dig 1,60-65,62.5,206.4,5.909760727
9,Robert Allan,17/07/2018,17/07/2018,Marfona,EB Field - Plot 24 Guard 2,65-70,67.5,206.8,5.913575939
9,Robert Allan,17/07/2018,17/07/2018,Marfona,EB Field - Plot 24 Guard 2,65-70,67.5,207.7,5.922142212
6,Robert Allan,17/07/2018,17/07/2018,Marfona,EB Field - Plot 12 Guard 2,60-65,62.5,207.8,5.923092492
8,Robert Allan,17/07/2018,17/07/2018,Marfona,EB Field - Plot 24 Guard 1,60-65,62.5,208.2,5.926890564
4,Robert Allan,17/07/2018,17/07/2018,Marfona,EB Field - Dig 1,70-75,72.5,208.4,5.928787777
7,Robert Allan,17/07/2018,17/07/2018,Marfona,EB Field - Plot 12 Guard 1,65-70,67.5,208.8,5.932578563
4,Robert Allan,17/07/2018,17/07/2018,Marfona,EB Field - Dig 1,60-65,62.5,209,5.93447214
7,Robert Allan,17/07/2018,17/07/2018,Marfona,EB Field - Plot 12 Guard 1,65-70,67.5,209.2,5.93636451
7,Robert Allan,17/07/2018,17/07/2018,Marfona,EB Field - Plot 12 Guard 1,65-70,67.5,209.3,5.937310243
11,Robert Allan,17/07/2018,17/07/2018,Marfona,EB Field - Plot 1 Guard 1,65-70,67.5,209.6,5.940145635
11,Robert Allan,17/07/2018,17/07/2018,Marfona,EB Field - Plot 1 Guard 1,65-70,67.5,210.2,5.945808313
5,Robert Allan,17/07/2018,17/07/2018,Marfona,EB Field - Dig 2,65-70,67.5,210.7,5.950518986
9,Robert Allan,17/07/2018,17/07/2018,Marfona,EB Field - Plot 24 Guard 2,70-75,72.5,210.8,5.951460226
10,Robert Allan,17/07/2018,17/07/2018,Marfona,EB Field - Plot 1 Guard 2,70-75,72.5,210.9,5.952401168
6,Robert Allan,17/07/2018,17/07/2018,Marfona,EB Field - Plot 12 Guard 2,60-65,62.5,211.5,5.958040585
11,Robert Allan,17/07/2018,17/07/2018,Marfona,EB Field - Plot 1 Guard 1,65-70,67.5,212.1,5.963669347
10,Robert Allan,17/07/2018,17/07/2018,Marfona,EB Field - Plot 1 Guard 2,65-70,67.5,212.2,5.964606441
9,Robert Allan,17/07/2018,17/07/2018,Marfona,EB Field - Plot 24 Guard 2,65-70,67.5,212.5,5.96741596
7,Robert Allan,17/07/2018,17/07/2018,Marfona,EB Field - Plot 12 Guard 1,60-65,62.5,212.6,5.968351878
9,Robert Allan,17/07/2018,17/07/2018,Marfona,EB Field - Plot 24 Guard 2,65-70,67.5,212.7,5.969287503
4,Robert Allan,17/07/2018,17/07/2018,Marfona,EB Field - Dig 1,70-75,72.5,213.4,5.975828681
6,Robert Allan,17/07/2018,17/07/2018,Marfona,EB Field - Plot 12 Guard 2,65-70,67.5,213.5,5.976761967
4,Robert Allan,17/07/2018,17/07/2018,Marfona,EB Field - Dig 1,60-65,62.5,214.1,5.982355571
10,Robert Allan,17/07/2018,17/07/2018,Marfona,EB Field - Plot 1 Guard 2,65-70,67.5,215.8,5.998147576
11,Robert Allan,17/07/2018,17/07/2018,Marfona,EB Field - Plot 1 Guard 1,60-65,62.5,216.2,6.001851281
9,Robert Allan,17/07/2018,17/07/2018,Marfona,EB Field - Plot 24 Guard 2,65-70,67.5,217.2,6.011090598
7,Robert Allan,17/07/2018,17/07/2018,Marfona,EB Field - Plot 12 Guard 1,65-70,67.5,218.6,6.023978121
4,Robert Allan,17/07/2018,17/07/2018,Marfona,EB Field - Dig 1,60-65,62.5,218.6,6.023978121
8,Robert Allan,17/07/2018,17/07/2018,Marfona,EB Field - Plot 24 Guard 1,70-75,72.5,220.3,6.039553495
10,Robert Allan,17/07/2018,17/07/2018,Marfona,EB Field - Plot 1 Guard 2,70-75,72.5,221,6.045943596
10,Robert Allan,17/07/2018,17/07/2018,Marfona,EB Field - Plot 1 Guard 2,65-70,67.5,221.4,6.049589026
4,Robert Allan,17/07/2018,17/07/2018,Marfona,EB Field - Dig 1,70-75,72.5,222,6.055048947
5,Robert Allan,17/07/2018,17/07/2018,Marfona,EB Field - Dig 2,65-70,67.5,222.6,6.060499039
6,Robert Allan,17/07/2018,17/07/2018,Marfona,EB Field - Plot 12 Guard 2,65-70,67.5,223.1,6.065033306
7,Robert Allan,17/07/2018,17/07/2018,Marfona,EB Field - Plot 12 Guard 1,70-75,72.5,223.2,6.065939346
4,Robert Allan,17/07/2018,17/07/2018,Marfona,EB Field - Dig 1,70-75,72.5,223.6,6.069560803
5,Robert Allan,17/07/2018,17/07/2018,Marfona,EB Field - Dig 2,70-75,72.5,224.2,6.0749849
11,Robert Allan,17/07/2018,17/07/2018,Marfona,EB Field - Plot 1 Guard 1,65-70,67.5,224.5,6.077693319
6,Robert Allan,17/07/2018,17/07/2018,Marfona,EB Field - Plot 12 Guard 2,60-65,62.5,225,6.082201996
5,Robert Allan,17/07/2018,17/07/2018,Marfona,EB Field - Dig 2,65-70,67.5,225.4,6.08580413
6,Robert Allan,17/07/2018,17/07/2018,Marfona,EB Field - Plot 12 Guard 2,65-70,67.5,226,6.091199349
5,Robert Allan,17/07/2018,17/07/2018,Marfona,EB Field - Dig 2,65-70,67.5,227.5,6.104645749
7,Robert Allan,17/07/2018,17/07/2018,Marfona,EB Field - Plot 12 Guard 1,65-70,67.5,227.6,6.105540071
4,Robert Allan,17/07/2018,17/07/2018,Marfona,EB Field - Dig 1,70-75,72.5,228,6.109114744
9,Robert Allan,17/07/2018,17/07/2018,Marfona,EB Field - Plot 24 Guard 2,65-70,67.5,228.3,6.111793006
11,Robert Allan,17/07/2018,17/07/2018,Marfona,EB Field - Plot 1 Guard 1,60-65,62.5,229.9,6.126037586
5,Robert Allan,17/07/2018,17/07/2018,Marfona,EB Field - Dig 2,65-70,67.5,230.1,6.127813507
8,Robert Allan,17/07/2018,17/07/2018,Marfona,EB Field - Plot 24 Guard 1,65-70,67.5,230.8,6.134021137
10,Robert Allan,17/07/2018,17/07/2018,Marfona,EB Field - Plot 1 Guard 2,65-70,67.5,231,6.13579244
5,Robert Allan,17/07/2018,17/07/2018,Marfona,EB Field - Dig 2,65-70,67.5,232.5,6.149044732
6,Robert Allan,17/07/2018,17/07/2018,Marfona,EB Field - Plot 12 Guard 2,65-70,67.5,233.4,6.156968768
9,Robert Allan,17/07/2018,17/07/2018,Marfona,EB Field - Plot 24 Guard 2,70-75,72.5,233.6,6.158726897
5,Robert Allan,17/07/2018,17/07/2018,Marfona,EB Field - Dig 2,65-70,67.5,235,6.171005793
5,Robert Allan,17/07/2018,17/07/2018,Marfona,EB Field - Dig 2,65-70,67.5,235.3,6.173630636
6,Robert Allan,17/07/2018,17/07/2018,Marfona,EB Field - Plot 12 Guard 2,70-75,72.5,236.3,6.182364034
10,Robert Allan,17/07/2018,17/07/2018,Marfona,EB Field - Plot 1 Guard 2,70-75,72.5,236.4,6.183236017
8,Robert Allan,17/07/2018,17/07/2018,Marfona,EB Field - Plot 24 Guard 1,70-75,72.5,238.1,6.198022262
8,Robert Allan,17/07/2018,17/07/2018,Marfona,EB Field - Plot 24 Guard 1,65-70,67.5,238.9,6.204956148
8,Robert Allan,17/07/2018,17/07/2018,Marfona,EB Field - Plot 24 Guard 1,70-75,72.5,239,6.205821795
11,Robert Allan,17/07/2018,17/07/2018,Marfona,EB Field - Plot 1 Guard 1,70-75,72.5,239.6,6.211010612
8,Robert Allan,17/07/2018,17/07/2018,Marfona,EB Field - Plot 24 Guard 1,70-75,72.5,240.6,6.219639423
9,Robert Allan,17/07/2018,17/07/2018,Marfona,EB Field - Plot 24 Guard 2,70-75,72.5,240.6,6.219639423
10,Robert Allan,17/07/2018,17/07/2018,Marfona,EB Field - Plot 1 Guard 2,70-75,72.5,241,6.223084253
5,Robert Allan,17/07/2018,17/07/2018,Marfona,EB Field - Dig 2,70-75,72.5,241.5,6.227384935
8,Robert Allan,17/07/2018,17/07/2018,Marfona,EB Field - Plot 24 Guard 1,70-75,72.5,242.2,6.233395928
5,Robert Allan,17/07/2018,17/07/2018,Marfona,EB Field - Dig 2,65-70,67.5,242.2,6.233395928
5,Robert Allan,17/07/2018,17/07/2018,Marfona,EB Field - Dig 2,70-75,72.5,243.8,6.24709198
5,Robert Allan,17/07/2018,17/07/2018,Marfona,EB Field - Dig 2,70-75,72.5,244,6.24879977
6,Robert Allan,17/07/2018,17/07/2018,Marfona,EB Field - Plot 12 Guard 2,70-75,72.5,244.8,6.255621609
9,Robert Allan,17/07/2018,17/07/2018,Marfona,EB Field - Plot 24 Guard 2,70-75,72.5,245.5,6.261578537
9,Robert Allan,17/07/2018,17/07/2018,Marfona,EB Field - Plot 24 Guard 2,70-75,72.5,247.4,6.27769047
7,Robert Allan,17/07/2018,17/07/2018,Marfona,EB Field - Plot 12 Guard 1,65-70,67.5,248.3,6.285293655
10,Robert Allan,17/07/2018,17/07/2018,Marfona,EB Field - Plot 1 Guard 2,70-75,72.5,248.8,6.289509711
5,Robert Allan,17/07/2018,17/07/2018,Marfona,EB Field - Dig 2,65-70,67.5,249.3,6.293720122
8,Robert Allan,17/07/2018,17/07/2018,Marfona,EB Field - Plot 24 Guard 1,70-75,72.5,250,6.299605249
9,Robert Allan,17/07/2018,17/07/2018,Marfona,EB Field - Plot 24 Guard 2,65-70,67.5,250.6,6.304640907
7,Robert Allan,17/07/2018,17/07/2018,Marfona,EB Field - Plot 12 Guard 1,65-70,67.5,250.8,6.306317674
7,Robert Allan,17/07/2018,17/07/2018,Marfona,EB Field - Plot 12 Guard 1,65-70,67.5,251.2,6.309668534
7,Robert Allan,17/07/2018,17/07/2018,Marfona,EB Field - Plot 12 Guard 1,70-75,72.5,251.9,6.31552399
4,Robert Allan,17/07/2018,17/07/2018,Marfona,EB Field - Dig 1,70-75,72.5,252.1,6.317194984
9,Robert Allan,17/07/2018,17/07/2018,Marfona,EB Field - Plot 24 Guard 2,75-80,77.5,252.7,6.322202672
9,Robert Allan,17/07/2018,17/07/2018,Marfona,EB Field - Plot 24 Guard 2,70-75,72.5,252.7,6.322202672
9,Robert Allan,17/07/2018,17/07/2018,Marfona,EB Field - Plot 24 Guard 2,75-80,77.5,253.6,6.329699362
5,Robert Allan,17/07/2018,17/07/2018,Marfona,EB Field - Dig 2,70-75,72.5,253.6,6.329699362
6,Robert Allan,17/07/2018,17/07/2018,Marfona,EB Field - Plot 12 Guard 2,70-75,72.5,253.6,6.329699362
5,Robert Allan,17/07/2018,17/07/2018,Marfona,EB Field - Dig 2,70-75,72.5,254.8,6.339667409
7,Robert Allan,17/07/2018,17/07/2018,Marfona,EB Field - Plot 12 Guard 1,75-80,77.5,255.3,6.343811525
10,Robert Allan,17/07/2018,17/07/2018,Marfona,EB Field - Plot 1 Guard 2,70-75,72.5,256.7,6.355386341
6,Robert Allan,17/07/2018,17/07/2018,Marfona,EB Field - Plot 12 Guard 2,70-75,72.5,257.1,6.358685698
8,Robert Allan,17/07/2018,17/07/2018,Marfona,EB Field - Plot 24 Guard 1,75-80,77.5,257.8,6.364451349
10,Robert Allan,17/07/2018,17/07/2018,Marfona,EB Field - Plot 1 Guard 2,70-75,72.5,258.3,6.368563284
6,Robert Allan,17/07/2018,17/07/2018,Marfona,EB Field - Plot 12 Guard 2,70-75,72.5,258.6,6.371027899
7,Robert Allan,17/07/2018,17/07/2018,Marfona,EB Field - Plot 12 Guard 1,65-70,67.5,259,6.374311088
6,Robert Allan,17/07/2018,17/07/2018,Marfona,EB Field - Plot 12 Guard 2,70-75,72.5,259.3,6.376771262
4,Robert Allan,17/07/2018,17/07/2018,Marfona,EB Field - Dig 1,70-75,72.5,259.5,6.378410324
7,Robert Allan,17/07/2018,17/07/2018,Marfona,EB Field - Plot 12 Guard 1,70-75,72.5,259.5,6.378410324
4,Robert Allan,17/07/2018,17/07/2018,Marfona,EB Field - Dig 1,70-75,72.5,261.2,6.392308468
11,Robert Allan,17/07/2018,17/07/2018,Marfona,EB Field - Plot 1 Guard 1,70-75,72.5,261.3,6.393124126
8,Robert Allan,17/07/2018,17/07/2018,Marfona,EB Field - Plot 24 Guard 1,70-75,72.5,262.4,6.402082656
5,Robert Allan,17/07/2018,17/07/2018,Marfona,EB Field - Dig 2,65-70,67.5,262.6,6.403708788
5,Robert Allan,17/07/2018,17/07/2018,Marfona,EB Field - Dig 2,65-70,67.5,262.6,6.403708788
5,Robert Allan,17/07/2018,17/07/2018,Marfona,EB Field - Dig 2,65-70,67.5,262.6,6.403708788
11,Robert Allan,17/07/2018,17/07/2018,Marfona,EB Field - Plot 1 Guard 1,65-70,67.5,263.7,6.412637789
6,Robert Allan,17/07/2018,17/07/2018,Marfona,EB Field - Plot 12 Guard 2,70-75,72.5,263.9,6.414258574
9,Robert Allan,17/07/2018,17/07/2018,Marfona,EB Field - Plot 24 Guard 2,70-75,72.5,264.3,6.41749769
4,Robert Allan,17/07/2018,17/07/2018,Marfona,EB Field - Dig 1,70-75,72.5,265.2,6.424773771
5,Robert Allan,17/07/2018,17/07/2018,Marfona,EB Field - Dig 2,70-75,72.5,265.3,6.425581208
9,Robert Allan,17/07/2018,17/07/2018,Marfona,EB Field - Plot 24 Guard 2,70-75,72.5,265.3,6.425581208
9,Robert Allan,17/07/2018,17/07/2018,Marfona,EB Field - Plot 24 Guard 2,70-75,72.5,265.8,6.429615351
8,Robert Allan,17/07/2018,17/07/2018,Marfona,EB Field - Plot 24 Guard 1,70-75,72.5,265.9,6.430421572
10,Robert Allan,17/07/2018,17/07/2018,Marfona,EB Field - Plot 1 Guard 2,75-80,77.5,266.3,6.433644438
7,Robert Allan,17/07/2018,17/07/2018,Marfona,EB Field - Plot 12 Guard 1,65-70,67.5,266.3,6.433644438
10,Robert Allan,17/07/2018,17/07/2018,Marfona,EB Field - Plot 1 Guard 2,70-75,72.5,266.9,6.438472691
5,Robert Allan,17/07/2018,17/07/2018,Marfona,EB Field - Dig 2,65-70,67.5,267.1,6.4400805
5,Robert Allan,17/07/2018,17/07/2018,Marfona,EB Field - Dig 2,70-75,72.5,267.5,6.443293713
10,Robert Allan,17/07/2018,17/07/2018,Marfona,EB Field - Plot 1 Guard 2,70-75,72.5,267.8,6.445701521
8,Robert Allan,17/07/2018,17/07/2018,Marfona,EB Field - Plot 24 Guard 1,65-70,67.5,268.4,6.450511748
5,Robert Allan,17/07/2018,17/07/2018,Marfona,EB Field - Dig 2,70-75,72.5,268.9,6.454514797
4,Robert Allan,17/07/2018,17/07/2018,Marfona,EB Field - Dig 1,70-75,72.5,271,6.471273627
11,Robert Allan,17/07/2018,17/07/2018,Marfona,EB Field - Plot 1 Guard 1,70-75,72.5,272.2,6.480811258
8,Robert Allan,17/07/2018,17/07/2018,Marfona,EB Field - Plot 24 Guard 1,75-80,77.5,274,6.495065288
9,Robert Allan,17/07/2018,17/07/2018,Marfona,EB Field - Plot 24 Guard 2,70-75,72.5,274,6.495065288
5,Robert Allan,17/07/2018,17/07/2018,Marfona,EB Field - Dig 2,70-75,72.5,274.1,6.495855346
4,Robert Allan,17/07/2018,17/07/2018,Marfona,EB Field - Dig 1,75-80,77.5,277.4,6.52182016
4,Robert Allan,17/07/2018,17/07/2018,Marfona,EB Field - Dig 1,70-75,72.5,277.4,6.52182016
4,Robert Allan,17/07/2018,17/07/2018,Marfona,EB Field - Dig 1,70-75,72.5,278.7,6.531992182
8,Robert Allan,17/07/2018,17/07/2018,Marfona,EB Field - Plot 24 Guard 1,70-75,72.5,278.7,6.531992182
4,Robert Allan,17/07/2018,17/07/2018,Marfona,EB Field - Dig 1,70-75,72.5,279.4,6.537456327
5,Robert Allan,17/07/2018,17/07/2018,Marfona,EB Field - Dig 2,70-75,72.5,280.6,6.546802238
10,Robert Allan,17/07/2018,17/07/2018,Marfona,EB Field - Plot 1 Guard 2,70-75,72.5,281.6,6.554570165
9,Robert Allan,17/07/2018,17/07/2018,Marfona,EB Field - Plot 24 Guard 2,80-85,82.5,282,6.557672186
8,Robert Allan,17/07/2018,17/07/2018,Marfona,EB Field - Plot 24 Guard 1,65-70,67.5,282,6.557672186
11,Robert Allan,17/07/2018,17/07/2018,Marfona,EB Field - Plot 1 Guard 1,70-75,72.5,283.1,6.566187648
9,Robert Allan,17/07/2018,17/07/2018,Marfona,EB Field - Plot 24 Guard 2,65-70,67.5,283.1,6.566187648
7,Robert Allan,17/07/2018,17/07/2018,Marfona,EB Field - Plot 12 Guard 1,65-70,67.5,283.6,6.570051021
4,Robert Allan,17/07/2018,17/07/2018,Marfona,EB Field - Dig 1,75-80,77.5,284.5,6.576993665
4,Robert Allan,17/07/2018,17/07/2018,Marfona,EB Field - Dig 1,70-75,72.5,286,6.588532275
6,Robert Allan,17/07/2018,17/07/2018,Marfona,EB Field - Plot 12 Guard 2,70-75,72.5,286.1,6.589300079
8,Robert Allan,17/07/2018,17/07/2018,Marfona,EB Field - Plot 24 Guard 1,65-70,67.5,286.4,6.59160242
9,Robert Allan,17/07/2018,17/07/2018,Marfona,EB Field - Plot 24 Guard 2,70-75,72.5,289,6.611489018
7,Robert Allan,17/07/2018,17/07/2018,Marfona,EB Field - Plot 12 Guard 1,70-75,72.5,290.7,6.624427386
5,Robert Allan,17/07/2018,17/07/2018,Marfona,EB Field - Dig 2,70-75,72.5,290.9,6.625946228
5,Robert Allan,17/07/2018,17/07/2018,Marfona,EB Field - Dig 2,75-80,77.5,292.2,6.635801769
5,Robert Allan,17/07/2018,17/07/2018,Marfona,EB Field - Dig 2,70-75,72.5,292.7,6.639584577
9,Robert Allan,17/07/2018,17/07/2018,Marfona,EB Field - Plot 24 Guard 2,70-75,72.5,293.3,6.644118266
5,Robert Allan,17/07/2018,17/07/2018,Marfona,EB Field - Dig 2,75-80,77.5,293.5,6.645628121
6,Robert Allan,17/07/2018,17/07/2018,Marfona,EB Field - Plot 12 Guard 2,70-75,72.5,295.3,6.659186054
9,Robert Allan,17/07/2018,17/07/2018,Marfona,EB Field - Plot 24 Guard 2,65-70,67.5,295.5,6.660689086
8,Robert Allan,17/07/2018,17/07/2018,Marfona,EB Field - Plot 24 Guard 1,75-80,77.5,298.3,6.681660696
10,Robert Allan,17/07/2018,17/07/2018,Marfona,EB Field - Plot 1 Guard 2,75-80,77.5,298.9,6.686137522
8,Robert Allan,17/07/2018,17/07/2018,Marfona,EB Field - Plot 24 Guard 1,70-75,72.5,299,6.686883077
9,Robert Allan,17/07/2018,17/07/2018,Marfona,EB Field - Plot 24 Guard 2,75-80,77.5,299.6,6.69135292
7,Robert Allan,17/07/2018,17/07/2018,Marfona,EB Field - Plot 12 Guard 1,75-80,77.5,300.1,6.695073233
6,Robert Allan,17/07/2018,17/07/2018,Marfona,EB Field - Plot 12 Guard 2,70-75,72.5,300.3,6.696560201
10,Robert Allan,17/07/2018,17/07/2018,Marfona,EB Field - Plot 1 Guard 2,75-80,77.5,301.4,6.704726746
4,Robert Allan,17/07/2018,17/07/2018,Marfona,EB Field - Dig 1,70-75,72.5,301.4,6.704726746
10,Robert Allan,17/07/2018,17/07/2018,Marfona,EB Field - Plot 1 Guard 2,75-80,77.5,302.2,6.710653579
10,Robert Allan,17/07/2018,17/07/2018,Marfona,EB Field - Plot 1 Guard 2,75-80,77.5,303,6.716569962
5,Robert Allan,17/07/2018,17/07/2018,Marfona,EB Field - Dig 2,70-75,72.5,303.3,6.71878592
8,Robert Allan,17/07/2018,17/07/2018,Marfona,EB Field - Plot 24 Guard 1,75-80,77.5,303.9,6.723213457
11,Robert Allan,17/07/2018,17/07/2018,Marfona,EB Field - Plot 1 Guard 1,75-80,77.5,304.5,6.727635171
11,Robert Allan,17/07/2018,17/07/2018,Marfona,EB Field - Plot 1 Guard 1,80-85,82.5,304.6,6.728371558
6,Robert Allan,17/07/2018,17/07/2018,Marfona,EB Field - Plot 12 Guard 2,75-80,77.5,305.5,6.734991804
5,Robert Allan,17/07/2018,17/07/2018,Marfona,EB Field - Dig 2,70-75,72.5,305.5,6.734991804
7,Robert Allan,17/07/2018,17/07/2018,Marfona,EB Field - Plot 12 Guard 1,70-75,72.5,305.5,6.734991804
11,Robert Allan,17/07/2018,17/07/2018,Marfona,EB Field - Plot 1 Guard 1,65-70,67.5,305.9,6.737929962
10,Robert Allan,17/07/2018,17/07/2018,Marfona,EB Field - Plot 1 Guard 2,80-85,82.5,306,6.738664101
6,Robert Allan,17/07/2018,17/07/2018,Marfona,EB Field - Plot 12 Guard 2,75-80,77.5,306,6.738664101
11,Robert Allan,17/07/2018,17/07/2018,Marfona,EB Field - Plot 1 Guard 1,70-75,72.5,306.7,6.743798602
10,Robert Allan,17/07/2018,17/07/2018,Marfona,EB Field - Plot 1 Guard 2,75-80,77.5,307.7,6.75112007
6,Robert Allan,17/07/2018,17/07/2018,Marfona,EB Field - Plot 12 Guard 2,70-75,72.5,309.6,6.764987275
11,Robert Allan,17/07/2018,17/07/2018,Marfona,EB Field - Plot 1 Guard 1,70-75,72.5,310.1,6.768627105
5,Robert Allan,17/07/2018,17/07/2018,Marfona,EB Field - Dig 2,75-80,77.5,310.2,6.769354601
7,Robert Allan,17/07/2018,17/07/2018,Marfona,EB Field - Plot 12 Guard 1,70-75,72.5,310.4,6.770809125
11,Robert Allan,17/07/2018,17/07/2018,Marfona,EB Field - Plot 1 Guard 1,75-80,77.5,311.3,6.777346763
6,Robert Allan,17/07/2018,17/07/2018,Marfona,EB Field - Plot 12 Guard 2,70-75,72.5,311.3,6.777346763
5,Robert Allan,17/07/2018,17/07/2018,Marfona,EB Field - Dig 2,70-75,72.5,312.5,6.786044041
6,Robert Allan,17/07/2018,17/07/2018,Marfona,EB Field - Plot 12 Guard 2,70-75,72.5,313,6.789661336
4,Robert Allan,17/07/2018,17/07/2018,Marfona,EB Field - Dig 1,70-75,72.5,313.7,6.794719083
5,Robert Allan,17/07/2018,17/07/2018,Marfona,EB Field - Dig 2,75-80,77.5,316.8,6.817027683
4,Robert Allan,17/07/2018,17/07/2018,Marfona,EB Field - Dig 1,70-75,72.5,318.8,6.831343197
5,Robert Allan,17/07/2018,17/07/2018,Marfona,EB Field - Dig 2,75-80,77.5,318.9,6.832057399
11,Robert Allan,17/07/2018,17/07/2018,Marfona,EB Field - Plot 1 Guard 1,70-75,72.5,322.7,6.859087164
9,Robert Allan,17/07/2018,17/07/2018,Marfona,EB Field - Plot 24 Guard 2,80-85,82.5,322.9,6.860503891
5,Robert Allan,17/07/2018,17/07/2018,Marfona,EB Field - Dig 2,70-75,72.5,323,6.861212036
10,Robert Allan,17/07/2018,17/07/2018,Marfona,EB Field - Plot 1 Guard 2,80-85,82.5,323.2,6.862627886
8,Robert Allan,17/07/2018,17/07/2018,Marfona,EB Field - Plot 24 Guard 1,75-80,77.5,324,6.868285455
6,Robert Allan,17/07/2018,17/07/2018,Marfona,EB Field - Plot 12 Guard 2,75-80,77.5,324.9,6.8746391
4,Robert Allan,17/07/2018,17/07/2018,Marfona,EB Field - Dig 1,70-75,72.5,325.9,6.881684958
5,Robert Allan,17/07/2018,17/07/2018,Marfona,EB Field - Dig 2,75-80,77.5,326.6,6.886608487
8,Robert Allan,17/07/2018,17/07/2018,Marfona,EB Field - Plot 24 Guard 1,80-85,82.5,327,6.889418775
10,Robert Allan,17/07/2018,17/07/2018,Marfona,EB Field - Plot 1 Guard 2,80-85,82.5,327.7,6.894331268
6,Robert Allan,17/07/2018,17/07/2018,Marfona,EB Field - Plot 12 Guard 2,75-80,77.5,328.1,6.897135267
5,Robert Allan,17/07/2018,17/07/2018,Marfona,EB Field - Dig 2,70-75,72.5,330.2,6.911818993
5,Robert Allan,17/07/2018,17/07/2018,Marfona,EB Field - Dig 2,70-75,72.5,330.8,6.916002904
8,Robert Allan,17/07/2018,17/07/2018,Marfona,EB Field - Plot 24 Guard 1,75-80,77.5,330.9,6.91669973
8,Robert Allan,17/07/2018,17/07/2018,Marfona,EB Field - Plot 24 Guard 1,70-75,72.5,331.5,6.920877744
9,Robert Allan,17/07/2018,17/07/2018,Marfona,EB Field - Plot 24 Guard 2,75-80,77.5,333.1,6.931994523
4,Robert Allan,17/07/2018,17/07/2018,Marfona,EB Field - Dig 1,70-75,72.5,333.3,6.933381615
7,Robert Allan,17/07/2018,17/07/2018,Marfona,EB Field - Plot 12 Guard 1,80-85,82.5,334.9,6.94445843
8,Robert Allan,17/07/2018,17/07/2018,Marfona,EB Field - Plot 24 Guard 1,80-85,82.5,335,6.945149558
5,Robert Allan,17/07/2018,17/07/2018,Marfona,EB Field - Dig 2,70-75,72.5,336.5,6.95550002
8,Robert Allan,17/07/2018,17/07/2018,Marfona,EB Field - Plot 24 Guard 1,75-80,77.5,337.4,6.96169554
5,Robert Allan,17/07/2018,17/07/2018,Marfona,EB Field - Dig 2,80-85,82.5,338.8,6.971311153
10,Robert Allan,17/07/2018,17/07/2018,Marfona,EB Field - Plot 1 Guard 2,75-80,77.5,341.8,6.991827196
4,Robert Allan,17/07/2018,17/07/2018,Marfona,EB Field - Dig 1,70-75,72.5,343,7
5,Robert Allan,17/07/2018,17/07/2018,Marfona,EB Field - Dig 2,70-75,72.5,343.7,7.004758669
4,Robert Allan,17/07/2018,17/07/2018,Marfona,EB Field - Dig 1,75-80,77.5,344.4,7.009510881
9,Robert Allan,17/07/2018,17/07/2018,Marfona,EB Field - Plot 24 Guard 2,80-85,82.5,344.5,7.010189243
8,Robert Allan,17/07/2018,17/07/2018,Marfona,EB Field - Plot 24 Guard 1,70-75,72.5,347.6,7.031153661
11,Robert Allan,17/07/2018,17/07/2018,Marfona,EB Field - Plot 1 Guard 1,80-85,82.5,348.7,7.03856268
7,Robert Allan,17/07/2018,17/07/2018,Marfona,EB Field - Plot 12 Guard 1,75-80,77.5,348.8,7.039235454
10,Robert Allan,17/07/2018,17/07/2018,Marfona,EB Field - Plot 1 Guard 2,75-80,77.5,349.2,7.041925265
10,Robert Allan,17/07/2018,17/07/2018,Marfona,EB Field - Plot 1 Guard 2,80-85,82.5,353.3,7.069378138
11,Robert Allan,17/07/2018,17/07/2018,Marfona,EB Field - Plot 1 Guard 1,75-80,77.5,354,7.074043955
6,Robert Allan,17/07/2018,17/07/2018,Marfona,EB Field - Plot 12 Guard 2,70-75,72.5,355,7.080698751
10,Robert Allan,17/07/2018,17/07/2018,Marfona,EB Field - Plot 1 Guard 2,80-85,82.5,357.8,7.099265943
5,Robert Allan,17/07/2018,17/07/2018,Marfona,EB Field - Dig 2,75-80,77.5,358.9,7.106533693
7,Robert Allan,17/07/2018,17/07/2018,Marfona,EB Field - Plot 12 Guard 1,75-80,77.5,359.1,7.107853506
10,Robert Allan,17/07/2018,17/07/2018,Marfona,EB Field - Plot 1 Guard 2,75-80,77.5,362.8,7.132182149
8,Robert Allan,17/07/2018,17/07/2018,Marfona,EB Field - Plot 24 Guard 1,70-75,72.5,364.6,7.143957926
8,Robert Allan,17/07/2018,17/07/2018,Marfona,EB Field - Plot 24 Guard 1,70-75,72.5,364.8,7.145263951
4,Robert Allan,17/07/2018,17/07/2018,Marfona,EB Field - Dig 1,75-80,77.5,365.3,7.148526927
7,Robert Allan,17/07/2018,17/07/2018,Marfona,EB Field - Plot 12 Guard 1,80-85,82.5,368.4,7.168691213
10,Robert Allan,17/07/2018,17/07/2018,Marfona,EB Field - Plot 1 Guard 2,80-85,82.5,371.6,7.189387658
8,Robert Allan,17/07/2018,17/07/2018,Marfona,EB Field - Plot 24 Guard 1,85-95,90,371.8,7.190677234
5,Robert Allan,17/07/2018,17/07/2018,Marfona,EB Field - Dig 2,80-85,82.5,372.4,7.19454319
10,Robert Allan,17/07/2018,17/07/2018,Marfona,EB Field - Plot 1 Guard 2,75-80,77.5,373.1,7.199048228
4,Robert Allan,17/07/2018,17/07/2018,Marfona,EB Field - Dig 1,75-80,77.5,374.4,7.2073998
10,Robert Allan,17/07/2018,17/07/2018,Marfona,EB Field - Plot 1 Guard 2,85-95,90,375.2,7.212529623
5,Robert Allan,17/07/2018,17/07/2018,Marfona,EB Field - Dig 2,80-85,82.5,379.3,7.238706157
4,Robert Allan,17/07/2018,17/07/2018,Marfona,EB Field - Dig 1,75-80,77.5,384.7,7.272896303
8,Robert Allan,17/07/2018,17/07/2018,Marfona,EB Field - Plot 24 Guard 1,75-80,77.5,385.2,7.276045834
5,Robert Allan,17/07/2018,17/07/2018,Marfona,EB Field - Dig 2,80-85,82.5,388.1,7.294259577
9,Robert Allan,17/07/2018,17/07/2018,Marfona,EB Field - Plot 24 Guard 2,80-85,82.5,388.3,7.295512348
4,Robert Allan,17/07/2018,17/07/2018,Marfona,EB Field - Dig 1,75-80,77.5,388.9,7.299268082
5,Robert Allan,17/07/2018,17/07/2018,Marfona,EB Field - Dig 2,70-75,72.5,389,7.299893662
9,Robert Allan,17/07/2018,17/07/2018,Marfona,EB Field - Plot 24 Guard 2,75-80,77.5,393,7.324829445
9,Robert Allan,17/07/2018,17/07/2018,Marfona,EB Field - Plot 24 Guard 2,80-85,82.5,393.1,7.325450667
8,Robert Allan,17/07/2018,17/07/2018,Marfona,EB Field - Plot 24 Guard 1,70-75,72.5,395.2,7.338472064
10,Robert Allan,17/07/2018,17/07/2018,Marfona,EB Field - Plot 1 Guard 2,70-75,72.5,395.3,7.339090979
9,Robert Allan,17/07/2018,17/07/2018,Marfona,EB Field - Plot 24 Guard 2,80-85,82.5,395.7,7.341565594
10,Robert Allan,17/07/2018,17/07/2018,Marfona,EB Field - Plot 1 Guard 2,85-95,90,398.8,7.360687554
11,Robert Allan,17/07/2018,17/07/2018,Marfona,EB Field - Plot 1 Guard 1,80-85,82.5,399.7,7.366220521
8,Robert Allan,17/07/2018,17/07/2018,Marfona,EB Field - Plot 24 Guard 1,80-85,82.5,400.5,7.371131745
6,Robert Allan,17/07/2018,17/07/2018,Marfona,EB Field - Plot 12 Guard 2,85-95,90,400.8,7.372971768
7,Robert Allan,17/07/2018,17/07/2018,Marfona,EB Field - Plot 12 Guard 1,75-80,77.5,407,7.410795055
11,Robert Allan,17/07/2018,17/07/2018,Marfona,EB Field - Plot 1 Guard 1,75-80,77.5,407.5,7.413828537
9,Robert Allan,17/07/2018,17/07/2018,Marfona,EB Field - Plot 24 Guard 2,80-85,82.5,408.1,7.417465442
6,Robert Allan,17/07/2018,17/07/2018,Marfona,EB Field - Plot 12 Guard 2,85-95,90,409.4,7.42533319
10,Robert Allan,17/07/2018,17/07/2018,Marfona,EB Field - Plot 1 Guard 2,80-85,82.5,411.9,7.440416788
5,Robert Allan,17/07/2018,17/07/2018,Marfona,EB Field - Dig 2,80-85,82.5,414.7,7.457238135
6,Robert Allan,17/07/2018,17/07/2018,Marfona,EB Field - Plot 12 Guard 2,75-80,77.5,418.2,7.478158678
5,Robert Allan,17/07/2018,17/07/2018,Marfona,EB Field - Dig 2,80-85,82.5,419.5,7.485899432
6,Robert Allan,17/07/2018,17/07/2018,Marfona,EB Field - Plot 12 Guard 2,75-80,77.5,420.8,7.493624211
8,Robert Allan,17/07/2018,17/07/2018,Marfona,EB Field - Plot 24 Guard 1,85-95,90,423.4,7.50902617
11,Robert Allan,17/07/2018,17/07/2018,Marfona,EB Field - Plot 1 Guard 1,75-80,77.5,423.8,7.511390101
10,Robert Allan,17/07/2018,17/07/2018,Marfona,EB Field - Plot 1 Guard 2,80-85,82.5,429,7.541986732
7,Robert Allan,17/07/2018,17/07/2018,Marfona,EB Field - Plot 12 Guard 1,75-80,77.5,429.1,7.5425727
8,Robert Allan,17/07/2018,17/07/2018,Marfona,EB Field - Plot 24 Guard 1,80-85,82.5,432,7.559526299
11,Robert Allan,17/07/2018,17/07/2018,Marfona,EB Field - Plot 1 Guard 1,80-85,82.5,439.4,7.602446119
11,Robert Allan,17/07/2018,17/07/2018,Marfona,EB Field - Plot 1 Guard 1,85-95,90,443.9,7.628310844
5,Robert Allan,17/07/2018,17/07/2018,Marfona,EB Field - Dig 2,80-85,82.5,444.3,7.630601456
4,Robert Allan,17/07/2018,17/07/2018,Marfona,EB Field - Dig 1,75-80,77.5,445.9,7.639750181
6,Robert Allan,17/07/2018,17/07/2018,Marfona,EB Field - Plot 12 Guard 2,80-85,82.5,449.5,7.660255089
10,Robert Allan,17/07/2018,17/07/2018,Marfona,EB Field - Plot 1 Guard 2,80-85,82.5,454.6,7.689117138
10,Robert Allan,17/07/2018,17/07/2018,Marfona,EB Field - Plot 1 Guard 2,85-95,90,457.9,7.70767773
9,Robert Allan,17/07/2018,17/07/2018,Marfona,EB Field - Plot 24 Guard 2,80-85,82.5,462,7.730614053
8,Robert Allan,17/07/2018,17/07/2018,Marfona,EB Field - Plot 24 Guard 1,80-85,82.5,468.4,7.766147394
6,Robert Allan,17/07/2018,17/07/2018,Marfona,EB Field - Plot 12 Guard 2,80-85,82.5,478.7,7.82266038
9,Robert Allan,17/07/2018,17/07/2018,Marfona,EB Field - Plot 24 Guard 2,85-95,90,484.4,7.853586742
8,Robert Allan,17/07/2018,17/07/2018,Marfona,EB Field - Plot 24 Guard 1,80-85,82.5,485.2,7.857907836
11,Robert Allan,17/07/2018,17/07/2018,Marfona,EB Field - Plot 1 Guard 1,75-80,77.5,486.5,7.864919495
8,Robert Allan,17/07/2018,17/07/2018,Marfona,EB Field - Plot 24 Guard 1,85-95,90,494,7.905129393
11,Robert Allan,17/07/2018,17/07/2018,Marfona,EB Field - Plot 1 Guard 1,80-85,82.5,497.2,7.922161774
6,Robert Allan,17/07/2018,17/07/2018,Marfona,EB Field - Plot 12 Guard 2,85-95,90,497.5,7.923754809
9,Robert Allan,17/07/2018,17/07/2018,Marfona,EB Field - Plot 24 Guard 2,80-85,82.5,504,7.958114416
9,Robert Allan,17/07/2018,17/07/2018,Marfona,EB Field - Plot 24 Guard 2,85-95,90,509.4,7.986435346
11,Robert Allan,17/07/2018,17/07/2018,Marfona,EB Field - Plot 1 Guard 1,80-85,82.5,512,8
6,Robert Allan,17/07/2018,17/07/2018,Marfona,EB Field - Plot 12 Guard 2,85-95,90,526.3,8.073796336
8,Robert Allan,17/07/2018,17/07/2018,Marfona,EB Field - Plot 24 Guard 1,85-95,90,527.5,8.079927948
6,Robert Allan,17/07/2018,17/07/2018,Marfona,EB Field - Plot 12 Guard 2,85-95,90,543.3,8.159807281
11,Robert Allan,17/07/2018,17/07/2018,Marfona,EB Field - Plot 1 Guard 1,85-95,90,551.2,8.199167078
7,Robert Allan,17/07/2018,17/07/2018,Marfona,EB Field - Plot 12 Guard 1,85-95,90,558,8.232746311
11,Robert Allan,17/07/2018,17/07/2018,Marfona,EB Field - Plot 1 Guard 1,85-95,90,572.9,8.305381907
8,Robert Allan,17/07/2018,17/07/2018,Marfona,EB Field - Plot 24 Guard 1,80-85,82.5,573.5,8.308280313
9,Robert Allan,17/07/2018,17/07/2018,Marfona,EB Field - Plot 24 Guard 2,85-95,90,577,8.325147517
7,Robert Allan,17/07/2018,17/07/2018,Marfona,EB Field - Plot 12 Guard 1,85-95,90,610.5,8.483242649
9,Robert Allan,17/07/2018,17/07/2018,Marfona,EB Field - Plot 24 Guard 2,85-95,90,623.9,8.544860858
7,Robert Allan,17/07/2018,17/07/2018,Marfona,EB Field - Plot 12 Guard 1,85-95,90,661.2,8.711861216
9,Robert Allan,17/07/2018,17/07/2018,Marfona,EB Field - Plot 24 Guard 2,95-105,100,676.9,8.780276073
7,Robert Allan,17/07/2018,17/07/2018,Marfona,EB Field - Plot 12 Guard 1,95-105,100,796.2,9.268455969
7,Robert Allan,17/07/2018,17/07/2018,Marfona,EB Field - Plot 12 Guard 1,95-105,100,903.6,9.667749912
